{"type":"FeatureCollection","features":[{"type":"Feature","id":4644,"geometry":{"type":"Polygon","coordinates":[[[106.70944060000005,10.787511000000052],[106.70920990000008,10.787536500000044],[106.70897030000003,10.787607700000024],[106.70872700000007,10.787751800000024],[106.70826600000004,10.788148500000034],[106.70795120000008,10.788503100000071],[106.70773870000005,10.788796300000058],[106.70761800000008,10.789003500000035],[106.70752470000008,10.789219400000036],[106.70728700000006,10.790012100000069],[106.70695020000005,10.790977600000076],[106.70684810000006,10.791187700000023],[106.70672380000008,10.791360800000064],[106.70656740000004,10.791500900000074],[106.70637820000007,10.791653500000052],[106.69812344400003,10.78288830300005],[106.69812740000003,10.782884900000056],[106.69500780000004,10.779580000000067],[106.69909240000004,10.775832200000025],[106.69959520000003,10.774658800000054],[106.70081130000005,10.771821400000022],[106.70116930000006,10.770975300000032],[106.70811097500007,10.770604752000054],[106.70810410000007,10.770650100000069],[106.70806960000004,10.77106260000005],[106.70802040000007,10.771889000000044],[106.70800730000008,10.772241100000031],[106.70799560000006,10.772945600000071],[106.70800710000009,10.773371900000029],[106.70805690000009,10.774284100000045],[106.70813600000008,10.775180200000023],[106.70818970000005,10.775607500000035],[106.70829000000003,10.776197300000035],[106.70836450000007,10.776559900000052],[106.70844790000007,10.776920600000039],[106.70854360000004,10.777291400000024],[106.70864890000007,10.777659700000072],[106.70876360000005,10.778025300000024],[106.70888770000005,10.778387900000041],[106.70912970000006,10.779023900000027],[106.70925980000004,10.779338400000029],[106.70949890000009,10.779873100000032],[106.70956160000009,10.780008900000041],[106.70973520000007,10.780363800000032],[106.71010600000005,10.781061800000032],[106.71037960000007,10.781507300000044],[106.71052590000005,10.781724100000076],[106.71083700000008,10.782145200000059],[106.71117880000008,10.782556200000045],[106.71136230000008,10.782758100000024],[106.71174700000006,10.783145600000068],[106.71215430000007,10.783510100000058],[106.71266290000005,10.783909700000038],[106.71319320000003,10.784281000000021],[106.71346590000007,10.784455700000024],[106.71375740000008,10.784631000000047],[106.71405380000004,10.784797900000058],[106.71435510000003,10.784956200000067],[106.71466100000004,10.785105900000076],[106.71519540000008,10.785339600000043],[106.71513630000004,10.785429800000031],[106.71507320000006,10.78551740000006],[106.71494530000007,10.785691200000031],[106.71481180000006,10.785861000000068],[106.71467280000007,10.786026400000026],[106.71452850000009,10.786187400000074],[106.71437900000006,10.786343800000054],[106.71420860000006,10.786510400000054],[106.71403240000006,10.786671100000035],[106.71385050000004,10.786825500000077],[106.71366320000004,10.786973500000045],[106.71347070000007,10.787114900000063],[106.71327330000008,10.787249600000052],[106.71283770000008,10.787482600000033],[106.71238390000008,10.787650100000064],[106.71187590000005,10.787713900000028],[106.71137550000009,10.787694000000045],[106.71042740000007,10.787560000000042],[106.71008910000006,10.787520900000061],[106.70974880000006,10.787505100000033],[106.70944060000005,10.787511000000052]]]},"properties":{"OBJECTID":4644,"COUNTRY":"Việt Nam","ENGNAME":"Vietnam","NAME_1":"Hồ Chí Minh","ENGNAME_1":"Ho Chi Minh","NAME_2":"Quận 1","ENGNAME_2":"District 1","NAME_3":"Bến Nghé","ENGNAME_3":"Ben Nghe","TYPE_3":"Phường","ENGTYPE_3":"Ward","Shape_Length":0.064065377580203725,"Shape_Area":0.00020354611571271096}},{"type":"Feature","id":4645,"geometry":{"type":"Polygon","coordinates":[[[106.69500780000004,10.779580000000067],[106.68721170000003,10.771243500000026],[106.68858032300005,10.769997382000042],[106.68990000000008,10.768400000000042],[106.69790000000006,10.771700000000067],[106.69920699500005,10.771065276000058],[106.70116930000006,10.770975300000032],[106.69910000000004,10.775800000000061],[106.69500780000004,10.779580000000067]]]},"properties":{"OBJECTID":4645,"COUNTRY":"Việt Nam","ENGNAME":"Vietnam","NAME_1":"Hồ Chí Minh","ENGNAME_1":"Ho Chi Minh","NAME_2":"Quận 1","ENGNAME_2":"District 1","NAME_3":"Bến Thành","ENGNAME_3":"Ben Thanh","TYPE_3":"Phường","ENGTYPE_3":"Ward","Shape_Length":0.038228628397033504,"Shape_Area":7.6668728357933813e-05}},{"type":"Feature","id":4646,"geometry":{"type":"Polygon","coordinates":[[[106.68812660000003,10.754387700000052],[106.68874730000005,10.754948200000058],[106.68971170000003,10.75594220000005],[106.69067240000004,10.75674470000007],[106.69160930000004,10.757595400000071],[106.69269430000008,10.758254200000067],[106.69241816200008,10.758693080000057],[106.69195107700006,10.759750508000025],[106.69152291600005,10.760503033000077],[106.68980000000005,10.761600000000044],[106.68522637800004,10.756469277000065],[106.68546150000009,10.755953100000056],[106.68551530000008,10.755853000000059],[106.68557690000006,10.755752500000028],[106.68564420000007,10.755655600000068],[106.68681820000006,10.754177100000049],[106.68675320000006,10.754134200000067],[106.68686520000006,10.753953700000068],[106.68721390000007,10.753589400000067],[106.68812660000003,10.754387700000052]]]},"properties":{"OBJECTID":4646,"COUNTRY":"Việt Nam","ENGNAME":"Vietnam","NAME_1":"Hồ Chí Minh","ENGNAME_1":"Ho Chi Minh","NAME_2":"Quận 1","ENGNAME_2":"District 1","NAME_3":"Cầukho","ENGNAME_3":"Caukho","TYPE_3":"Phường","ENGTYPE_3":"Ward","Shape_Length":0.022275789033171976,"Shape_Area":2.835667990208015e-05}},{"type":"Feature","id":4647,"geometry":{"type":"Polygon","coordinates":[[[106.69755440000006,10.762400400000047],[106.69791520000007,10.762940600000036],[106.69809620000007,10.763174000000049],[106.69819620000004,10.763283200000046],[106.69840140000008,10.763474700000074],[106.69851120000004,10.763562400000069],[106.69874400000003,10.763720600000056],[106.69929760000008,10.764053900000022],[106.69900275900005,10.76453163900004],[106.69739898000006,10.767164261000062],[106.69650000000007,10.769200000000069],[106.69540150000006,10.768017500000042],[106.69432610000007,10.766798600000072],[106.69491901100008,10.764950069000065],[106.69619052000007,10.762760609000054],[106.69717155800004,10.761880509000036],[106.69755440000006,10.762400400000047]]]},"properties":{"OBJECTID":4647,"COUNTRY":"Việt Nam","ENGNAME":"Vietnam","NAME_1":"Hồ Chí Minh","ENGNAME_1":"Ho Chi Minh","NAME_2":"Quận 1","ENGNAME_2":"District 1","NAME_3":"Cầu Ông Lãnh","ENGNAME_3":"Cau Ong Lanh","TYPE_3":"Phường","ENGTYPE_3":"Ward","Shape_Length":0.017987623272522547,"Shape_Area":1.8023168325811585e-05}},{"type":"Feature","id":4648,"geometry":{"type":"Polygon","coordinates":[[[106.69269430000008,10.758254200000067],[106.69448600000004,10.759222600000044],[106.69546170000007,10.759978100000069],[106.69591290000005,10.760370100000046],[106.69605470000005,10.760515100000077],[106.69619190000009,10.760673800000063],[106.69641580000007,10.760973600000057],[106.69692140000006,10.761540800000034],[106.69717155800004,10.761880509000036],[106.69676788800007,10.762254601000052],[106.69619052000007,10.762760609000054],[106.69563585600008,10.763710997000032],[106.69491901100008,10.764950069000065],[106.69432610000007,10.766798600000072],[106.68980000000005,10.761600000000044],[106.69152291600005,10.760503033000077],[106.69195107700006,10.759750508000025],[106.69241816200008,10.758693080000057],[106.69269430000008,10.758254200000067]]]},"properties":{"OBJECTID":4648,"COUNTRY":"Việt Nam","ENGNAME":"Vietnam","NAME_1":"Hồ Chí Minh","ENGNAME_1":"Ho Chi Minh","NAME_2":"Quận 1","ENGNAME_2":"District 1","NAME_3":"Cô Giang","ENGNAME_3":"Co Giang","TYPE_3":"Phường","ENGTYPE_3":"Ward","Shape_Length":0.023103760808771849,"Shape_Area":2.9769429434495138e-05}},{"type":"Feature","id":4649,"geometry":{"type":"Polygon","coordinates":[[[106.70637820000007,10.791653500000052],[106.70610700000009,10.791840500000035],[106.70585080000006,10.79199200000005],[106.70554560000005,10.792119800000023],[106.70519470000005,10.792243300000052],[106.70490520000004,10.792339300000037],[106.70408800000007,10.792564300000038],[106.70357010000004,10.792692000000045],[106.70321220000005,10.792780200000038],[106.70231610000008,10.792977800000074],[106.70145870000005,10.793154000000072],[106.70048880000007,10.793341100000021],[106.69985360000004,10.793467100000044],[106.69941580000005,10.793526900000074],[106.69892900000008,10.793572800000049],[106.69812510000008,10.793629000000067],[106.69754770000009,10.793653500000062],[106.69731970000004,10.793660800000055],[106.69701000000003,10.793654200000049],[106.69670610000009,10.793628700000056],[106.69599900000009,10.79351980000007],[106.69592413500004,10.791846364000037],[106.69439354100007,10.790422202000059],[106.69199220000007,10.787872600000071],[106.69375920000004,10.786461600000052],[106.69598550000006,10.784683900000061],[106.69704350000006,10.783817200000044],[106.69810441600004,10.782904669000061],[106.70637820000007,10.791653500000052]]]},"properties":{"OBJECTID":4649,"COUNTRY":"Việt Nam","ENGNAME":"Vietnam","NAME_1":"Hồ Chí Minh","ENGNAME_1":"Ho Chi Minh","NAME_2":"Quận 1","ENGNAME_2":"District 1","NAME_3":"Đa Kao","ENGNAME_3":"Da Kao","TYPE_3":"Phường","ENGTYPE_3":"Ward","Shape_Length":0.037872732683338198,"Shape_Area":8.2132898625924723e-05}},{"type":"Feature","id":4650,"geometry":{"type":"Polygon","coordinates":[[[106.69071640000004,10.764329900000064],[106.69070090000008,10.764406100000031],[106.69065240000003,10.764557700000069],[106.69061910000005,10.764632000000063],[106.69059650000008,10.764673800000025],[106.69058040000004,10.764703800000063],[106.69016160000007,10.765278400000057],[106.68956550000007,10.766096400000038],[106.68951550000008,10.766149900000073],[106.68944080000006,10.766197200000022],[106.68923690000008,10.766291000000024],[106.68879700000008,10.76646560000006],[106.68822370000004,10.766679000000067],[106.68448590000008,10.768363500000021],[106.68431050000004,10.768177000000037],[106.68397690000006,10.767822200000069],[106.68234070000005,10.766081800000052],[106.68223000000006,10.765964100000076],[106.68209880000006,10.765822200000059],[106.68197480000003,10.765696800000057],[106.68183390000007,10.765562400000022],[106.68168890000004,10.765432300000043],[106.68206970000006,10.764324000000045],[106.68331770000009,10.761191100000076],[106.68399790000007,10.75948980000004],[106.68508220000007,10.756785800000046],[106.68522637800004,10.756469277000065],[106.68980000000005,10.761600000000044],[106.69375763900007,10.766154249000067],[106.69293210000006,10.76521850000006],[106.69267970000004,10.764932500000043],[106.69073090000006,10.764175100000045],[106.69071640000004,10.764329900000064]]]},"properties":{"OBJECTID":4650,"COUNTRY":"Việt Nam","ENGNAME":"Vietnam","NAME_1":"Hồ Chí Minh","ENGNAME_1":"Ho Chi Minh","NAME_2":"Quận 1","ENGNAME_2":"District 1","NAME_3":"Nguyễn Cư Trinh","ENGNAME_3":"Nguyen Cu Trinh","TYPE_3":"Phường","ENGTYPE_3":"Ward","Shape_Length":0.038166580926098766,"Shape_Area":6.3022202902601182e-05}},{"type":"Feature","id":4651,"geometry":{"type":"Polygon","coordinates":[[[106.70032850000007,10.764674500000069],[106.70062340000004,10.764899800000023],[106.70116850000005,10.765316400000074],[106.70126150000004,10.765396400000043],[106.70138540000005,10.765512100000024],[106.70151670000007,10.76565080000006],[106.70176390000006,10.765941600000076],[106.70198950000008,10.766248900000051],[106.70229390000009,10.766731100000072],[106.70278030000009,10.767227000000048],[106.70356930000008,10.768031400000041],[106.70366510000008,10.768087300000047],[106.70386390000004,10.768183500000021],[106.70442020000007,10.768406900000059],[106.70522670000008,10.768763800000045],[106.70562910000007,10.768924200000072],[106.70604860000009,10.769068400000037],[106.70829910000003,10.769760100000042],[106.70819340000008,10.770157900000072],[106.70812910000006,10.770485200000053],[106.70811097500007,10.770604752000054],[106.70116930000006,10.770975300000032],[106.69920699500005,10.771065276000058],[106.69847131700004,10.771422548000032],[106.69650000000007,10.769200000000069],[106.69739898000006,10.767164261000062],[106.69890000000004,10.764700000000062],[106.69929760000008,10.764053900000022],[106.70032850000007,10.764674500000069]]]},"properties":{"OBJECTID":4651,"COUNTRY":"Việt Nam","ENGNAME":"Vietnam","NAME_1":"Hồ Chí Minh","ENGNAME_1":"Ho Chi Minh","NAME_2":"Quận 1","ENGNAME_2":"District 1","NAME_3":"Nguyễn Thái Bình","ENGNAME_3":"Nguyen Thai Binh","TYPE_3":"Phường","ENGTYPE_3":"Ward","Shape_Length":0.030382668596910103,"Shape_Area":4.1784939127608197e-05}},{"type":"Feature","id":4652,"geometry":{"type":"Polygon","coordinates":[[[106.68721170000003,10.771243500000026],[106.68448590000008,10.768363500000021],[106.68822370000004,10.766679000000067],[106.68879700000008,10.76646560000006],[106.68923690000008,10.766291000000024],[106.68944080000006,10.766197200000022],[106.68951550000008,10.766149900000073],[106.68956550000007,10.766096400000038],[106.69016160000007,10.765278400000057],[106.69058040000004,10.764703800000063],[106.69059650000008,10.764673800000025],[106.69061910000005,10.764632000000063],[106.69065240000003,10.764557700000069],[106.69070090000008,10.764406100000031],[106.69071640000004,10.764329900000064],[106.69073090000006,10.764175100000045],[106.69267970000004,10.764932500000043],[106.69293210000006,10.76521850000006],[106.69375763900007,10.766154249000067],[106.69432610000007,10.766798600000072],[106.69540150000006,10.768017500000042],[106.69650000000007,10.769200000000069],[106.69847131700004,10.771422548000032],[106.69790000000006,10.771700000000067],[106.68990000000008,10.768400000000042],[106.68858032300005,10.769997382000042],[106.68721170000003,10.771243500000026]]]},"properties":{"OBJECTID":4652,"COUNTRY":"Việt Nam","ENGNAME":"Vietnam","NAME_1":"Hồ Chí Minh","ENGNAME_1":"Ho Chi Minh","NAME_2":"Quận 1","ENGNAME_2":"District 1","NAME_3":"Phạm Ngũ Lão","ENGNAME_3":"Pham Ngu Lao","TYPE_3":"Phường","ENGTYPE_3":"Ward","Shape_Length":0.035816553194950987,"Shape_Area":4.1232615934379361e-05}},{"type":"Feature","id":4653,"geometry":{"type":"Polygon","coordinates":[[[106.68720200000007,10.794910700000059],[106.68704710000009,10.795011200000033],[106.68694270000009,10.795132200000069],[106.68685040000008,10.795292600000039],[106.68656030000005,10.795932700000037],[106.68624390000008,10.796572900000058],[106.68612330000008,10.796738400000038],[106.68594860000007,10.796862400000066],[106.68577550000003,10.796929700000021],[106.68560130000009,10.796949300000051],[106.68543300000005,10.796931500000028],[106.68527320000004,10.796868800000027],[106.68510770000006,10.796751100000051],[106.68495990000008,10.796562600000073],[106.68488600000006,10.796373300000027],[106.68486460000008,10.796167800000035],[106.68487400000004,10.795951700000046],[106.68503080000005,10.794816500000024],[106.68506670000005,10.794623500000057],[106.68512110000006,10.794428200000027],[106.68521030000005,10.794259900000043],[106.68534200000005,10.794109700000035],[106.68622550000003,10.793360900000039],[106.68634970000005,10.793201300000021],[106.68639460000009,10.793089100000032],[106.68639510000008,10.792975700000056],[106.68638250000004,10.792894200000035],[106.68635800000004,10.792824200000041],[106.68627790000005,10.792689000000053],[106.68614980000007,10.792506100000026],[106.68771880000008,10.79128860000003],[106.68934470000005,10.789988900000026],[106.68968560000008,10.789717100000075],[106.68979300000007,10.789632300000051],[106.69082730000008,10.788803800000039],[106.69172323700008,10.788087604000054],[106.69199220000007,10.787872600000071],[106.69439354100007,10.790422202000059],[106.69592413500004,10.791846364000037],[106.69599900000009,10.79351980000007],[106.69564600000007,10.793474300000071],[106.69522000000006,10.793434500000046],[106.69502060000008,10.793454600000075],[106.69485150000008,10.793511200000069],[106.69469650000008,10.793612100000075],[106.69460430000004,10.793744400000037],[106.69454320000006,10.793907200000035],[106.69454890000009,10.794347800000025],[106.69453680000004,10.794549500000073],[106.69450500000005,10.79469290000003],[106.69444830000003,10.794811000000038],[106.69435640000006,10.794898100000069],[106.69422760000003,10.794954700000062],[106.69403670000008,10.794975300000033],[106.69373040000005,10.794963300000063],[106.69317400000006,10.794877400000075],[106.69292530000007,10.794839000000024],[106.69274130000008,10.794852300000059],[106.69261410000007,10.794879800000047],[106.69250560000006,10.794922400000075],[106.69233240000005,10.79502350000007],[106.69152800000006,10.795580600000051],[106.69128650000005,10.795706000000052],[106.69104670000007,10.795764600000041],[106.69075970000006,10.795790200000056],[106.69053830000007,10.795786400000054],[106.68942090000007,10.795635300000072],[106.68915500000008,10.795593200000042],[106.68894050000006,10.795536700000071],[106.68877510000004,10.79546890000006],[106.68798570000007,10.795025600000031],[106.68778070000008,10.79493210000004],[106.68758890000004,10.794870600000024],[106.68738770000004,10.794862700000067],[106.68720200000007,10.794910700000059]]]},"properties":{"OBJECTID":4653,"COUNTRY":"Việt Nam","ENGNAME":"Vietnam","NAME_1":"Hồ Chí Minh","ENGNAME_1":"Ho Chi Minh","NAME_2":"Quận 1","ENGNAME_2":"District 1","NAME_3":"Tân Định","ENGNAME_3":"Tan Dinh","TYPE_3":"Phường","ENGTYPE_3":"Ward","Shape_Length":0.033273184381436859,"Shape_Area":5.2115943125351353e-05}},{"type":"Feature","id":4696,"geometry":{"type":"Polygon","coordinates":[[[106.72438102800004,10.77766839700007],[106.72528276100007,10.778553911000074],[106.72601582500005,10.779020996000042],[106.72700736600007,10.779424222000046],[106.72523258900009,10.782930880000038],[106.72180280000003,10.787511100000074],[106.72154550000005,10.787327900000037],[106.72128410000005,10.78715040000003],[106.72088490000004,10.786904800000059],[106.72067930000009,10.786791700000038],[106.72025930000007,10.786586400000033],[106.71982850000006,10.786409100000071],[106.71960890000008,10.78633080000003],[106.71929190000009,10.786226400000032],[106.71897200000006,10.786131000000069],[106.71864940000006,10.786044700000048],[106.71815070000008,10.785930300000075],[106.71764730000007,10.785837500000071],[106.71731150000005,10.785792800000024],[106.71661140000003,10.78568480000007],[106.71627980000005,10.785621400000025],[106.71556180000005,10.785445300000049],[106.71519540000008,10.785339600000043],[106.71466100000004,10.785105900000076],[106.71435510000003,10.784956200000067],[106.71405380000004,10.784797900000058],[106.71375740000008,10.784631000000047],[106.71346590000007,10.784455700000024],[106.71319320000003,10.784281000000021],[106.71266290000005,10.783909700000038],[106.71215430000007,10.783510100000058],[106.71174700000006,10.783145600000068],[106.71136230000008,10.782758100000024],[106.71117880000008,10.782556200000045],[106.71083700000008,10.782145200000059],[106.71052590000005,10.781724100000076],[106.71037960000007,10.781507300000044],[106.71010600000005,10.781061800000032],[106.70973520000007,10.780363800000032],[106.70956160000009,10.780008900000041],[106.70949890000009,10.779873100000032],[106.70925980000004,10.779338400000029],[106.70912970000006,10.779023900000027],[106.70888770000005,10.778387900000041],[106.70876360000005,10.778025300000024],[106.70864890000007,10.777659700000072],[106.70854360000004,10.777291400000024],[106.70844790000007,10.776920600000039],[106.70836450000007,10.776559900000052],[106.70829000000003,10.776197300000035],[106.71338026100005,10.77512987800003],[106.71369205500008,10.776242319000062],[106.71417216600008,10.777347213000041],[106.71699768400003,10.77580553100006],[106.71757545800006,10.776606306000076],[106.71828500500004,10.777265171000067],[106.71907405900004,10.777751084000045],[106.71977885500007,10.777996575000031],[106.72102689800005,10.778258537000056],[106.72228887800009,10.778547424000067],[106.72252890800007,10.777674884000021],[106.72372581200005,10.777399174000038],[106.72438102800004,10.77766839700007]]]},"properties":{"OBJECTID":4696,"COUNTRY":"Việt Nam","ENGNAME":"Vietnam","NAME_1":"Hồ Chí Minh","ENGNAME_1":"Ho Chi Minh","NAME_2":"Quận 2","ENGNAME_2":"District 2","NAME_3":"An Khánh","ENGNAME_3":"An Khanh","TYPE_3":"Phường","ENGTYPE_3":"Ward","Shape_Length":0.051692523739234032,"Shape_Area":0.00013285338161642731}},{"type":"Feature","id":4697,"geometry":{"type":"Polygon","coordinates":[[[106.73562390000006,10.775196200000039],[106.73574040000005,10.77537540000003],[106.73586580000006,10.775552900000037],[106.73599800000005,10.775725400000056],[106.73613690000008,10.775892900000031],[106.73628230000008,10.776055000000042],[106.73643390000007,10.776211400000022],[106.73659160000005,10.776362000000063],[106.73674540000007,10.776494900000046],[106.73690380000005,10.776622600000053],[106.73451092800008,10.778093314000046],[106.73382651900005,10.778618784000059],[106.73344904000004,10.77916067600006],[106.73258096000006,10.779653507000035],[106.73114701000009,10.779941542000074],[106.72948178700005,10.780360212000062],[106.72906809400007,10.780013551000025],[106.72886374400008,10.779520517000037],[106.72863993300007,10.779286975000048],[106.72829610600007,10.779147498000043],[106.72760000000005,10.779400000000066],[106.72700736600007,10.779424222000046],[106.72601582500005,10.779020996000042],[106.72528276100007,10.778553911000074],[106.72438102800004,10.77766839700007],[106.72372581200005,10.777399174000038],[106.72366418300004,10.777006693000033],[106.72350848800005,10.776747202000024],[106.72336252400004,10.776604481000049],[106.72307708300008,10.776432568000075],[106.72301221100008,10.776306066000075],[106.72307390100008,10.776085181000042],[106.72301545400006,10.775946022000028],[106.72299515700007,10.775788017000025],[106.72308151600004,10.775675087000025],[106.72324759000008,10.775612643000045],[106.72331062600006,10.775563272000056],[106.72334324900004,10.775490412000067],[106.72334723500006,10.775366852000047],[106.72373385600008,10.775170220000064],[106.72409922000008,10.77494568700007],[106.72425998100005,10.775038689000041],[106.72433571100004,10.775041346000023],[106.72438486900006,10.774986874000035],[106.72442605500004,10.774564380000072],[106.72446546300006,10.77439229600003],[106.72440000000006,10.774200000000064],[106.72150520900004,10.772762081000053],[106.71879547400005,10.771758478000038],[106.71907118300004,10.770908643000041],[106.71928170900009,10.770622700000047],[106.71951231900005,10.770480482000039],[106.71930148200005,10.770204772000056],[106.71874357500008,10.769938793000051],[106.71819215600004,10.769390618000045],[106.71748179800005,10.769140857000025],[106.71582429600005,10.768047749000061],[106.71510000000006,10.767700000000048],[106.71503933400004,10.767249813000035],[106.71486742100006,10.766104806000044],[106.71465658400007,10.765258215000074],[106.71443990900008,10.764872351000065],[106.71427798600007,10.764484152000023],[106.71423045000006,10.76412334500003],[106.71354600000006,10.76295760000005],[106.71437250000008,10.762481800000046],[106.71484640000006,10.762226100000021],[106.71532370000006,10.76197650000006],[106.71580410000007,10.761732800000061],[106.71628770000007,10.76149520000007],[106.71676320000006,10.761268900000061],[106.71724150000006,10.76104840000005],[106.71772250000004,10.760833800000057],[106.71820630000008,10.76062520000005],[106.71866540000008,10.760443200000054],[106.71912700000007,10.760267500000054],[106.71959120000008,10.760098300000038],[106.72005780000006,10.759935600000063],[106.72053930000004,10.759775300000058],[106.72089420000003,10.759655300000077],[106.72161220000004,10.759440300000051],[106.72228030000008,10.759273800000074],[106.72257640000004,10.759217600000056],[106.72299660000004,10.759165800000062],[106.72346360000006,10.759133700000064],[106.72369760000004,10.759127700000022],[106.72403170000007,10.759124200000031],[106.72469960000006,10.759134900000049],[106.72509080000003,10.759150000000034],[106.72587190000007,10.759204100000034],[106.72647020000005,10.759262400000068],[106.72706760000005,10.759329000000037],[106.72766400000006,10.759404000000075],[106.72818550000005,10.759476500000062],[106.72870610000007,10.759555500000033],[106.72922560000006,10.759640900000022],[106.72946660000008,10.759695900000054],[106.72970530000003,10.759759700000075],[106.72994140000009,10.759832200000062],[106.73017460000005,10.759913300000051],[106.73040460000004,10.760002900000075],[106.73063100000007,10.760100800000032],[106.73085360000005,10.760207000000037],[106.73107740000006,10.760324200000071],[106.73129650000004,10.76044980000006],[106.73151050000007,10.760583500000052],[106.73171920000004,10.760725100000059],[106.73192230000006,10.760874500000057],[106.73211930000008,10.761031400000036],[106.73229340000006,10.761232600000028],[106.73246050000006,10.761439500000051],[106.73262040000009,10.761651800000038],[106.73277290000004,10.761869200000035],[106.73291780000005,10.762091600000076],[106.73304230000008,10.762296900000024],[106.73316040000009,10.762505900000065],[106.73327200000006,10.76271840000004],[106.73337690000005,10.76293400000003],[106.73347500000006,10.763152800000057],[106.73356630000006,10.763374300000066],[106.73365070000006,10.763598500000057],[106.73376530000007,10.763996100000043],[106.73387140000006,10.764396000000033],[106.73396880000007,10.764798000000042],[106.73405750000006,10.765201900000022],[106.73413750000009,10.765607600000067],[106.73420380000005,10.765984500000059],[106.73426260000008,10.766362600000036],[106.73431380000005,10.766741700000068],[106.73435740000008,10.767121700000075],[106.73439340000004,10.767502600000057],[106.73442190000009,10.767884000000038],[106.73444270000005,10.768265900000074],[106.73451330000006,10.770075900000052],[106.73456930000003,10.771586500000069],[106.73458140000008,10.771820500000047],[106.73460070000004,10.772054000000026],[106.73462710000007,10.77228690000004],[106.73466060000004,10.772518900000023],[106.73470130000004,10.772749800000042],[106.73474900000008,10.772979300000031],[106.73481150000003,10.773237100000074],[106.73488280000004,10.773492500000032],[106.73496300000005,10.773745500000075],[106.73505180000006,10.773995600000035],[106.73514940000007,10.774242600000036],[106.73522940000004,10.774440100000049],[106.73531700000007,10.774634500000047],[106.73541200000005,10.774825500000077],[106.73551440000006,10.775012900000036],[106.73562390000006,10.775196200000039]]]},"properties":{"OBJECTID":4697,"COUNTRY":"Việt Nam","ENGNAME":"Vietnam","NAME_1":"Hồ Chí Minh","ENGNAME_1":"Ho Chi Minh","NAME_2":"Quận 2","ENGNAME_2":"District 2","NAME_3":"An Lợi Đông","ENGNAME_3":"An Loi Dong","TYPE_3":"Phường","ENGTYPE_3":"Ward","Shape_Length":0.074578923929785837,"Shape_Area":0.00030391676168620634}},{"type":"Feature","id":4698,"geometry":{"type":"Polygon","coordinates":[[[106.76712130000004,10.808258300000034],[106.76687970000006,10.808303600000045],[106.76664630000005,10.808379500000058],[106.76656020000007,10.808416400000056],[106.76639410000007,10.808502600000054],[106.76614640000008,10.808634100000063],[106.76579860000004,10.808837600000061],[106.76550510000004,10.809025200000065],[106.76515650000005,10.809279600000025],[106.76495520000009,10.809467500000039],[106.76486370000003,10.809570200000053],[106.76470030000007,10.80979080000003],[106.76462910000004,10.809907900000042],[106.76450910000005,10.810153900000046],[106.76446510000005,10.81026890000004],[106.76435520000007,10.81062090000006],[106.76429180000008,10.810858400000029],[106.76423760000006,10.811098000000072],[106.76419260000006,10.811339500000031],[106.76409420000005,10.811973300000034],[106.76399340000006,10.812460700000031],[106.76394620000008,10.812631300000021],[106.76389020000005,10.812799300000052],[106.76382570000004,10.812964300000033],[106.76375270000005,10.813125900000045],[106.76367140000008,10.813283600000034],[106.76358200000004,10.813437100000044],[106.76348480000007,10.813585800000055],[106.76338010000006,10.813729600000045],[106.76326800000004,10.813867900000048],[106.76314890000003,10.814000500000077],[106.76292670000004,10.814215600000068],[106.76282400000008,10.814297200000055],[106.76271540000005,10.814371300000062],[106.76260170000006,10.814437400000031],[106.76248340000006,10.814495200000067],[106.76236110000008,10.814544400000045],[106.76223550000009,10.814584700000069],[106.76210730000008,10.814616000000058],[106.76190040000006,10.814646500000038],[106.76166910000006,10.814657200000056],[106.76151480000004,10.814654000000075],[106.76120790000004,10.814622300000053],[106.76105620000004,10.814593800000068],[106.76075910000009,10.81451190000007],[106.76049410000007,10.814407500000073],[106.76014040000007,10.814238200000034],[106.75932050000006,10.813825200000053],[106.75885130000006,10.813616900000056],[106.75850360000004,10.813490400000035],[106.75814750000006,10.813389200000074],[106.75780660000004,10.813318400000071],[106.75746120000008,10.813273300000048],[106.75713320000006,10.81325460000005],[106.75696890000006,10.813253900000063],[106.75684800000005,10.812618900000075],[106.75655790000008,10.810993900000028],[106.75647900000007,10.810612900000024],[106.75636820000005,10.810188000000039],[106.75629120000008,10.809939200000031],[106.75614630000007,10.809534400000075],[106.75595410000005,10.809063300000048],[106.75582510000004,10.808766100000071],[106.75558760000007,10.808274200000028],[106.75535320000006,10.807852800000035],[106.75508100000008,10.80740940000004],[106.75492010000005,10.807164400000033],[106.75460580000004,10.806727900000055],[106.75445240000005,10.806537100000071],[106.75395630000008,10.805978400000072],[106.75378640000008,10.805802000000028],[106.75347220000003,10.80549620000005],[106.75312280000009,10.805179700000053],[106.75298490000006,10.805063200000063],[106.75264640000006,10.804790100000048],[106.75239080000006,10.804600400000027],[106.75197700000007,10.804315100000053],[106.75166360000009,10.804121100000032],[106.75155220000005,10.80405520000005],[106.75093360000005,10.803724900000077],[106.75057890000005,10.80356050000006],[106.74994230000004,10.80330680000003],[106.74938720000006,10.803120200000023],[106.74926920000007,10.803085300000021],[106.74885800000004,10.802969100000041],[106.74846930000007,10.802877100000046],[106.74830780000008,10.802843900000028],[106.74790350000006,10.802749300000073],[106.74759380000006,10.802692400000069],[106.74595160000007,10.802390600000024],[106.74585240000005,10.802372400000024],[106.74433050000005,10.80209270000006],[106.74398680000007,10.802029700000048],[106.74370430000005,10.801977900000054],[106.73952280000009,10.80120050000005],[106.73826250000008,10.800964100000044],[106.73816100000005,10.800945100000035],[106.73400700000008,10.800165900000025],[106.73349100000007,10.800048200000049],[106.73347730000006,10.799504100000036],[106.73347010000003,10.799401900000021],[106.73344430000009,10.799262700000043],[106.73340440000004,10.799136300000043],[106.73334320000004,10.798997500000041],[106.73327370000004,10.798873600000036],[106.73323450000004,10.798819600000058],[106.73312930000009,10.798712400000056],[106.73306880000007,10.798667300000034],[106.73288800000006,10.797963500000037],[106.73563760000008,10.797183700000062],[106.73610230000008,10.796998200000075],[106.73697720000007,10.796381000000054],[106.73690320000009,10.796263800000077],[106.73731190000007,10.796116500000039],[106.73727010000005,10.796008200000074],[106.73744660000006,10.795955400000025],[106.73794800000007,10.795633200000054],[106.73806310000003,10.795537400000057],[106.73812340000006,10.795476400000041],[106.73832790000006,10.795344100000023],[106.73820290000003,10.795155500000021],[106.73777820000004,10.794514500000048],[106.73738780000008,10.793890800000042],[106.73698440000004,10.793225500000062],[106.73683840000007,10.792587200000071],[106.73594170000007,10.792582800000048],[106.73556780000007,10.790704000000062],[106.73568930000005,10.790613600000029],[106.73581640000003,10.790530900000022],[106.73594860000009,10.790456400000039],[106.73618200000004,10.790350000000046],[106.73631610000007,10.79030350000005],[106.73655510000003,10.789922100000069],[106.73702950000006,10.790129700000023],[106.73748580000006,10.790354200000024],[106.73768770000004,10.790411900000038],[106.73789370000009,10.79043530000007],[106.73994930000003,10.790344800000071],[106.74008110000005,10.789890800000023],[106.74012160000007,10.789718600000072],[106.74019650000008,10.789292300000056],[106.74022360000004,10.789059200000054],[106.74024110000005,10.788825100000054],[106.74024890000004,10.788590600000077],[106.74024710000003,10.788356000000022],[106.74023560000006,10.788121600000068],[106.74021450000004,10.787887800000021],[106.74078580000008,10.787969700000076],[106.74137980000006,10.786859100000072],[106.74228690000007,10.787320300000033],[106.74238190000005,10.787368600000036],[106.74280090000008,10.787010600000031],[106.74314760000004,10.786734200000069],[106.74329090000003,10.786590900000022],[106.74341350000009,10.786436200000026],[106.74355290000005,10.78628150000003],[106.74363950000009,10.786147200000073],[106.74371970000004,10.785930700000051],[106.74375220000007,10.785862100000031],[106.74385720000004,10.785682200000053],[106.74388650000009,10.785602600000061],[106.74388950000008,10.785542100000043],[106.74388110000007,10.785510500000044],[106.74382500000007,10.785422800000049],[106.74381000000005,10.785386800000026],[106.74379720000007,10.785310400000071],[106.74380870000005,10.785230800000022],[106.74384530000003,10.785155700000075],[106.74389240000005,10.785126700000035],[106.74394790000008,10.785126200000036],[106.74397370000008,10.785137000000077],[106.74403720000004,10.785199600000055],[106.74406760000005,10.785215700000037],[106.74413560000005,10.785224700000072],[106.74420010000006,10.78520160000005],[106.74428440000008,10.785123500000054],[106.74438450000008,10.784997600000054],[106.74449180000005,10.78488580000004],[106.74468930000006,10.784737900000039],[106.74478630000004,10.784637300000043],[106.74523480000005,10.784108100000026],[106.74548700000008,10.783782600000052],[106.74567020000006,10.783527500000048],[106.74606350000005,10.782947700000022],[106.74619510000008,10.782712500000059],[106.74635120000005,10.782363900000064],[106.74640610000006,10.782265300000063],[106.74656590000006,10.782019000000048],[106.74659360000004,10.781957300000045],[106.74665700000008,10.781762000000072],[106.74672870000006,10.781640800000048],[106.74680840000008,10.781568400000026],[106.74685550000004,10.781541400000037],[106.74695880000007,10.78150880000004],[106.74711240000005,10.781488200000069],[106.74730540000007,10.781432700000039],[106.74743100000006,10.781383700000049],[106.74752930000005,10.78133280000003],[106.74760290000006,10.781280500000037],[106.74769160000005,10.781177100000036],[106.74778150000009,10.781032100000061],[106.74784510000006,10.78087430000005],[106.74786640000008,10.780791900000054],[106.74869416600006,10.781284249000066],[106.74956082700004,10.782870593000041],[106.75114338000009,10.78326798300003],[106.75265749400006,10.784340369000063],[106.75460000000004,10.785300000000063],[106.75461888400008,10.786088896000024],[106.75430000000006,10.788300000000049],[106.75448204300005,10.788759834000075],[106.75487753800007,10.78908380200005],[106.75547794300007,10.789574229000038],[106.75626984800004,10.790746249000051],[106.75710000000004,10.792100000000062],[106.75789325400007,10.792425088000073],[106.75878810700004,10.792298383000059],[106.75970588100006,10.790908740000077],[106.76094905800005,10.790483020000067],[106.76204935400006,10.789837438000063],[106.76341220000006,10.789935655000022],[106.76410000000004,10.788900000000069],[106.76447145300006,10.788845993000052],[106.76570034900004,10.789503831000047],[106.76736032300005,10.789697450000062],[106.76775719700004,10.790279905000034],[106.76826536700008,10.790919763000034],[106.76934879100008,10.791222037000068],[106.77046696800005,10.79111174600007],[106.77134736000005,10.791649836000033],[106.77232496800008,10.79182510000004],[106.77332003100008,10.791802034000057],[106.77465833200006,10.792418214000065],[106.77630960400006,10.793030294000062],[106.77832072100006,10.793769095000073],[106.78107630000005,10.794494000000043],[106.77680000000004,10.809000000000026],[106.77676856900007,10.809008008000035],[106.77641380000006,10.80879630000004],[106.77622850000006,10.808674300000064],[106.77583360000006,10.808386700000028],[106.77561130000004,10.808238800000026],[106.77537210000008,10.808109500000057],[106.77509680000009,10.80799410000003],[106.77481790000007,10.807887500000049],[106.77453560000004,10.807789800000023],[106.77425020000004,10.807701100000031],[106.77396210000006,10.807621400000073],[106.77353620000008,10.807521400000041],[106.77326180000006,10.807484400000021],[106.77312340000009,10.807477100000028],[106.77285780000005,10.807483800000057],[106.77273150000008,10.807498800000076],[106.77260650000005,10.807522100000028],[106.77236260000006,10.807593100000076],[106.77224990000008,10.807638200000042],[106.77192220000006,10.807795800000065],[106.77138730000007,10.808085000000062],[106.77105370000004,10.808235900000057],[106.77089810000007,10.808296200000029],[106.77057950000005,10.808396300000027],[106.77041720000005,10.808435900000063],[106.77008810000007,10.808494100000075],[106.76987860000008,10.808516100000077],[106.76966830000003,10.808529000000021],[106.76945760000007,10.808532700000058],[106.76924690000004,10.808527300000037],[106.76903680000004,10.808512600000029],[106.76864390000009,10.808460300000036],[106.76828100000006,10.808382300000062],[106.76761190000008,10.808262500000069],[106.76736670000008,10.808244500000058],[106.76712130000004,10.808258300000034]]]},"properties":{"OBJECTID":4698,"COUNTRY":"Việt Nam","ENGNAME":"Vietnam","NAME_1":"Hồ Chí Minh","ENGNAME_1":"Ho Chi Minh","NAME_2":"Quận 2","ENGNAME_2":"District 2","NAME_3":"An Phú","ENGNAME_3":"An Phu","TYPE_3":"Phường","ENGTYPE_3":"Ward","Shape_Length":0.14650096234389415,"Shape_Area":0.00077893200565034302}},{"type":"Feature","id":4699,"geometry":{"type":"Polygon","coordinates":[[[106.73631610000007,10.79030350000005],[106.73618200000004,10.790350000000046],[106.73594860000009,10.790456400000039],[106.73581640000003,10.790530900000022],[106.73568930000005,10.790613600000029],[106.73556780000007,10.790704000000062],[106.73594170000007,10.792582800000048],[106.73683840000007,10.792587200000071],[106.73698440000004,10.793225500000062],[106.73738780000008,10.793890800000042],[106.73777820000004,10.794514500000048],[106.73820290000003,10.795155500000021],[106.73832790000006,10.795344100000023],[106.73812340000006,10.795476400000041],[106.73806310000003,10.795537400000057],[106.73794800000007,10.795633200000054],[106.73744660000006,10.795955400000025],[106.73727010000005,10.796008200000074],[106.73731190000007,10.796116500000039],[106.73690320000009,10.796263800000077],[106.73697720000007,10.796381000000054],[106.73610230000008,10.796998200000075],[106.73563760000008,10.797183700000062],[106.73288800000006,10.797963500000037],[106.73306880000007,10.798667300000034],[106.73312930000009,10.798712400000056],[106.73323450000004,10.798819600000058],[106.73327370000004,10.798873600000036],[106.73334320000004,10.798997500000041],[106.73340440000004,10.799136300000043],[106.73344430000009,10.799262700000043],[106.73347010000003,10.799401900000021],[106.73347730000006,10.799504100000036],[106.73349100000007,10.800048200000049],[106.72722440000007,10.798786800000073],[106.72723050000008,10.798654300000067],[106.72724660000006,10.798384400000032],[106.72725680000008,10.798114100000021],[106.72726100000006,10.797843800000066],[106.72725860000008,10.79753850000003],[106.72724850000009,10.797233300000073],[106.72723080000009,10.796928500000035],[106.72720560000005,10.796624200000053],[106.72715560000006,10.796289000000058],[106.72709830000008,10.795954900000027],[106.72703390000004,10.795622000000037],[106.72696220000006,10.795290600000044],[106.72688340000008,10.794960800000069],[106.72679740000007,10.794632600000057],[106.72670430000005,10.794306400000039],[106.72660910000008,10.793997700000034],[106.72650760000005,10.793690900000058],[106.72639980000008,10.793386200000043],[106.72628560000004,10.793083700000068],[106.72616530000005,10.792783600000064],[106.72600320000004,10.792466400000023],[106.72583390000005,10.792153000000042],[106.72565740000005,10.791843300000039],[106.72547390000005,10.791537700000049],[106.72528330000006,10.791236200000071],[106.72508590000007,10.790939000000037],[106.72488160000006,10.790646300000049],[106.72465950000009,10.790343300000075],[106.72443020000009,10.790045600000042],[106.72419360000004,10.789753400000052],[106.72395010000008,10.789466700000048],[106.72369970000005,10.789185800000041],[106.72344250000003,10.788910900000076],[106.72322400000007,10.788697900000045],[106.72300090000005,10.788489700000071],[106.72277320000006,10.788286300000038],[106.72254100000004,10.78808790000005],[106.72230450000006,10.787894400000027],[106.72205580000008,10.787700000000029],[106.72180280000003,10.787511100000074],[106.72523258900009,10.782930880000038],[106.73726412300005,10.789281224000035],[106.74008110000005,10.789890800000023],[106.73994930000003,10.790344800000071],[106.73789370000009,10.79043530000007],[106.73768770000004,10.790411900000038],[106.73748580000006,10.790354200000024],[106.73702950000006,10.790129700000023],[106.73655510000003,10.789922100000069],[106.73631610000007,10.79030350000005]]]},"properties":{"OBJECTID":4699,"COUNTRY":"Việt Nam","ENGNAME":"Vietnam","NAME_1":"Hồ Chí Minh","ENGNAME_1":"Ho Chi Minh","NAME_2":"Quận 2","ENGNAME_2":"District 2","NAME_3":"Bình An","ENGNAME_3":"Binh An","TYPE_3":"Phường","ENGTYPE_3":"Ward","Shape_Length":0.061530818884420899,"Shape_Area":0.00015169907717470333}},{"type":"Feature","id":4700,"geometry":{"type":"Polygon","coordinates":[[[106.74023560000006,10.788121600000068],[106.74024710000003,10.788356000000022],[106.74024890000004,10.788590600000077],[106.74024110000005,10.788825100000054],[106.74022360000004,10.789059200000054],[106.74019650000008,10.789292300000056],[106.74012160000007,10.789718600000072],[106.74008110000005,10.789890800000023],[106.73726412300005,10.789281224000035],[106.72523258900009,10.782930880000038],[106.72700736600007,10.779424222000046],[106.72760000000005,10.779400000000066],[106.72829610600007,10.779147498000043],[106.72863993300007,10.779286975000048],[106.72886374400008,10.779520517000037],[106.72906809400007,10.780013551000025],[106.72948178700005,10.780360212000062],[106.73114701000009,10.779941542000074],[106.73258096000006,10.779653507000035],[106.73344904000004,10.77916067600006],[106.73382651900005,10.778618784000059],[106.73451092800008,10.778093314000046],[106.73690380000005,10.776622600000053],[106.73706660000005,10.776744700000052],[106.73723360000008,10.776861300000064],[106.73742080000005,10.776982200000077],[106.73761260000003,10.777096000000029],[106.73780860000005,10.777202600000066],[106.73800850000003,10.777301800000032],[106.73819850000007,10.777378300000066],[106.73839160000006,10.777446600000076],[106.73858750000005,10.77750670000006],[106.73878580000007,10.777558500000055],[106.73898630000008,10.777601900000036],[106.73918850000007,10.777636700000073],[106.73939450000006,10.777663200000063],[106.73960150000005,10.777680800000041],[106.73980900000004,10.777689600000031],[106.74001680000003,10.777689500000065],[106.74022440000005,10.777680500000031],[106.74043140000003,10.777662600000042],[106.74067300000007,10.777633600000058],[106.74091370000008,10.777597400000047],[106.74115320000004,10.777554100000032],[106.74139110000004,10.777503700000068],[106.74162750000005,10.777446100000077],[106.74181200000004,10.777396000000067],[106.74199520000008,10.777341500000034],[106.74217700000008,10.777282700000058],[106.74245110000004,10.777173100000027],[106.74272180000008,10.77705560000004],[106.74298480000004,10.776932400000021],[106.74324400000006,10.776801700000021],[106.74349920000009,10.776663800000051],[106.74375030000004,10.776518600000031],[106.74384410000005,10.776825100000053],[106.74394550000005,10.777129200000047],[106.74405420000005,10.77743090000007],[106.74417040000009,10.777729800000031],[106.74429390000006,10.778026000000068],[106.74443630000007,10.778344400000037],[106.74458710000005,10.778659000000061],[106.74474630000009,10.778969600000039],[106.74489220000004,10.779202200000043],[106.74502210000009,10.779391400000065],[106.74513640000004,10.779501200000027],[106.74525620000009,10.779605100000026],[106.74538130000008,10.779702800000052],[106.74551120000007,10.779794200000026],[106.74564580000003,10.779878900000028],[106.74578210000004,10.779955400000063],[106.74592220000005,10.780025100000046],[106.74611930000003,10.780119400000046],[106.74631320000009,10.780205000000024],[106.74651020000005,10.780283500000053],[106.74670990000004,10.780355000000043],[106.74687470000003,10.780408000000023],[106.74704090000006,10.780456100000038],[106.74718980000006,10.780499400000053],[106.74734570000004,10.78054510000004],[106.74748030000006,10.780597300000068],[106.74761220000005,10.780655900000056],[106.74774100000008,10.780720900000063],[106.74786640000008,10.780791900000054],[106.74784510000006,10.78087430000005],[106.74778150000009,10.781032100000061],[106.74769160000005,10.781177100000036],[106.74760290000006,10.781280500000037],[106.74752930000005,10.78133280000003],[106.74743100000006,10.781383700000049],[106.74730540000007,10.781432700000039],[106.74711240000005,10.781488200000069],[106.74695880000007,10.78150880000004],[106.74685550000004,10.781541400000037],[106.74680840000008,10.781568400000026],[106.74672870000006,10.781640800000048],[106.74665700000008,10.781762000000072],[106.74659360000004,10.781957300000045],[106.74656590000006,10.782019000000048],[106.74640610000006,10.782265300000063],[106.74635120000005,10.782363900000064],[106.74619510000008,10.782712500000059],[106.74606350000005,10.782947700000022],[106.74567020000006,10.783527500000048],[106.74548700000008,10.783782600000052],[106.74523480000005,10.784108100000026],[106.74478630000004,10.784637300000043],[106.74468930000006,10.784737900000039],[106.74449180000005,10.78488580000004],[106.74438450000008,10.784997600000054],[106.74428440000008,10.785123500000054],[106.74420010000006,10.78520160000005],[106.74413560000005,10.785224700000072],[106.74406760000005,10.785215700000037],[106.74403720000004,10.785199600000055],[106.74397370000008,10.785137000000077],[106.74394790000008,10.785126200000036],[106.74389240000005,10.785126700000035],[106.74384530000003,10.785155700000075],[106.74380870000005,10.785230800000022],[106.74379720000007,10.785310400000071],[106.74381000000005,10.785386800000026],[106.74382500000007,10.785422800000049],[106.74388110000007,10.785510500000044],[106.74388950000008,10.785542100000043],[106.74388650000009,10.785602600000061],[106.74385720000004,10.785682200000053],[106.74375220000007,10.785862100000031],[106.74371970000004,10.785930700000051],[106.74363950000009,10.786147200000073],[106.74355290000005,10.78628150000003],[106.74341350000009,10.786436200000026],[106.74329090000003,10.786590900000022],[106.74314760000004,10.786734200000069],[106.74280090000008,10.787010600000031],[106.74238190000005,10.787368600000036],[106.74228690000007,10.787320300000033],[106.74137980000006,10.786859100000072],[106.74078580000008,10.787969700000076],[106.74021450000004,10.787887800000021],[106.74023560000006,10.788121600000068]]]},"properties":{"OBJECTID":4700,"COUNTRY":"Việt Nam","ENGNAME":"Vietnam","NAME_1":"Hồ Chí Minh","ENGNAME_1":"Ho Chi Minh","NAME_2":"Quận 2","ENGNAME_2":"District 2","NAME_3":"Bình Khánh","ENGNAME_3":"Binh Khanh","TYPE_3":"Phường","ENGTYPE_3":"Ward","Shape_Length":0.059852550778963849,"Shape_Area":0.00016803935983003421}},{"type":"Feature","id":4701,"geometry":{"type":"Polygon","coordinates":[[[106.78163130000007,10.792341600000043],[106.78160740000004,10.792652200000077],[106.78153360000005,10.79297310000004],[106.78142260000004,10.793456300000059],[106.78111780000006,10.794361900000069],[106.78107630000005,10.794494000000043],[106.77832072100006,10.793769095000073],[106.77630960400006,10.793030294000062],[106.77465833200006,10.792418214000065],[106.77332003100008,10.791802034000057],[106.77232496800008,10.79182510000004],[106.77134736000005,10.791649836000033],[106.77046696800005,10.79111174600007],[106.76934879100008,10.791222037000068],[106.76826536700008,10.790919763000034],[106.76775719700004,10.790279905000034],[106.76910000000004,10.788500000000056],[106.76917388100009,10.787280958000053],[106.76887153300004,10.785266713000055],[106.76918800400006,10.783809696000048],[106.76943020000004,10.781876100000034],[106.77059920000005,10.782007400000055],[106.77124610000004,10.782090900000071],[106.77161180000007,10.780724100000043],[106.77206840000008,10.780234800000073],[106.77228040000006,10.77999090000003],[106.77234260000006,10.779931800000043],[106.77240110000008,10.779901800000061],[106.77277940000005,10.779758000000072],[106.77286590000006,10.779692400000044],[106.77292350000005,10.779607500000054],[106.77294480000006,10.77950160000006],[106.77289770000004,10.779321300000049],[106.77284460000004,10.779243800000074],[106.77265310000007,10.779097200000024],[106.77236810000005,10.778859200000056],[106.77237880000007,10.778669100000059],[106.77236840000006,10.77851000000004],[106.77234670000007,10.778362900000047],[106.77229690000007,10.778091000000074],[106.77231800000004,10.777792100000056],[106.77243070000009,10.777265100000022],[106.77247930000004,10.777139400000067],[106.77250500000008,10.777072700000076],[106.77257670000006,10.777028400000063],[106.77278420000005,10.777042900000026],[106.77307220000006,10.776926100000026],[106.77304920000006,10.776703500000053],[106.77305130000008,10.77670820000003],[106.77301220000004,10.776076200000034],[106.77383060000005,10.776090800000077],[106.77446520000007,10.77612270000003],[106.77463740000007,10.776122400000077],[106.77514140000005,10.776232900000025],[106.77556750000008,10.776243300000033],[106.77604980000007,10.776170300000047],[106.77640130000009,10.776117600000077],[106.77689870000006,10.776049700000044],[106.77712090000006,10.776008600000068],[106.77733040000004,10.775945600000057],[106.77760800000004,10.775812700000074],[106.77778000000006,10.775735800000064],[106.77797240000007,10.77569150000005],[106.77818730000007,10.775668500000052],[106.77868330000007,10.775644100000022],[106.77888040000005,10.775650300000052],[106.77904180000007,10.775694000000044],[106.77923690000006,10.775779000000057],[106.77937430000009,10.775889500000062],[106.77956110000008,10.775922200000025],[106.77981410000007,10.775896800000055],[106.78026700000004,10.775771600000041],[106.78090820000006,10.775655700000073],[106.78113540000004,10.775636700000064],[106.78135900000007,10.775638900000047],[106.78169180000003,10.775687800000071],[106.78200380000004,10.775695100000064],[106.78234190000006,10.775625500000046],[106.78284500000007,10.775457600000038],[106.78349710000003,10.775306200000045],[106.78407560000005,10.77521020000006],[106.78472940000006,10.775031300000023],[106.78543460000009,10.774714800000027],[106.78562610000006,10.774742300000071],[106.78584560000007,10.774902900000029],[106.78586890000008,10.77541210000004],[106.78598570000008,10.775710300000071],[106.78664880000008,10.776247000000069],[106.78688230000006,10.776618600000063],[106.78706910000005,10.776692000000025],[106.78735870000008,10.776614000000052],[106.78767150000004,10.776196600000048],[106.78832530000005,10.775930500000072],[106.78905390000006,10.775361600000053],[106.78954890000006,10.775233200000059],[106.78974500000004,10.775393700000052],[106.78987110000008,10.775765300000046],[106.78975440000005,10.776146100000062],[106.78971230000008,10.776618600000063],[106.78975440000005,10.777361800000051],[106.78973300000007,10.778043700000069],[106.78991140000005,10.778544200000056],[106.78813040000006,10.779466400000047],[106.78651570000005,10.78033060000007],[106.78544280000006,10.780852300000049],[106.78490100000005,10.781105300000036],[106.78432160000006,10.781484700000021],[106.78404270000004,10.781732300000044],[106.78389250000004,10.781937900000059],[106.78385490000005,10.782196100000021],[106.78387640000005,10.782428000000039],[106.78403730000008,10.782659800000033],[106.78426260000003,10.782881100000054],[106.78472930000004,10.783271100000036],[106.78509410000004,10.78360310000005],[106.78556080000004,10.783924500000069],[106.78619380000004,10.784209100000055],[106.78669270000006,10.784456800000044],[106.78699310000007,10.784699200000034],[106.78722380000005,10.785031200000049],[106.78726130000007,10.785531800000058],[106.78712720000004,10.786580500000071],[106.78699850000004,10.787629100000061],[106.78692340000003,10.788619800000049],[106.78688050000005,10.789431300000047],[106.78683750000005,10.790148000000045],[106.78683510000008,10.790671100000054],[106.78556720000006,10.790647700000022],[106.78162650000007,10.790415300000063],[106.78160070000007,10.790996800000073],[106.78163130000007,10.792341600000043]]]},"properties":{"OBJECTID":4701,"COUNTRY":"Việt Nam","ENGNAME":"Vietnam","NAME_1":"Hồ Chí Minh","ENGNAME_1":"Ho Chi Minh","NAME_2":"Quận 2","ENGNAME_2":"District 2","NAME_3":"Bình Trưng Đông","ENGNAME_3":"Binh Trung Dong","TYPE_3":"Phường","ENGTYPE_3":"Ward","Shape_Length":0.081307961267051046,"Shape_Area":0.00027466273494576002}},{"type":"Feature","id":4702,"geometry":{"type":"Polygon","coordinates":[[[106.76094905800005,10.790483020000067],[106.75970588100006,10.790908740000077],[106.75878810700004,10.792298383000059],[106.75789325400007,10.792425088000073],[106.75710000000004,10.792100000000062],[106.75626984800004,10.790746249000051],[106.75547794300007,10.789574229000038],[106.75487753800007,10.78908380200005],[106.75448204300005,10.788759834000075],[106.75430000000006,10.788300000000049],[106.75461888400008,10.786088896000024],[106.75460000000004,10.785300000000063],[106.75265749400006,10.784340369000063],[106.75114338000009,10.78326798300003],[106.74956082700004,10.782870593000041],[106.74869416600006,10.781284249000066],[106.74786640000008,10.780791900000054],[106.74774100000008,10.780720900000063],[106.74761220000005,10.780655900000056],[106.74748030000006,10.780597300000068],[106.74734570000004,10.78054510000004],[106.74718980000006,10.780499400000053],[106.74704090000006,10.780456100000038],[106.74687470000003,10.780408000000023],[106.74670990000004,10.780355000000043],[106.74651020000005,10.780283500000053],[106.74631320000009,10.780205000000024],[106.74611930000003,10.780119400000046],[106.74592220000005,10.780025100000046],[106.74578210000004,10.779955400000063],[106.74564580000003,10.779878900000028],[106.74551120000007,10.779794200000026],[106.74538130000008,10.779702800000052],[106.74525620000009,10.779605100000026],[106.74513640000004,10.779501200000027],[106.74502210000009,10.779391400000065],[106.74489220000004,10.779202200000043],[106.74474630000009,10.778969600000039],[106.74458710000005,10.778659000000061],[106.74443630000007,10.778344400000037],[106.74429390000006,10.778026000000068],[106.74417040000009,10.777729800000031],[106.74405420000005,10.77743090000007],[106.74394550000005,10.777129200000047],[106.74384410000005,10.776825100000053],[106.74375030000004,10.776518600000031],[106.74405140000005,10.776320800000065],[106.74435000000005,10.776119400000027],[106.74464610000007,10.775914400000033],[106.74500150000006,10.775661000000071],[106.74535310000005,10.775402400000075],[106.74570060000008,10.775138600000048],[106.74605300000007,10.77487160000004],[106.74640090000008,10.774598800000035],[106.74674410000006,10.774320400000022],[106.74706090000006,10.774055100000055],[106.74737340000007,10.773784900000067],[106.74768160000008,10.773510100000067],[106.74941200000006,10.775319700000068],[106.74998490000007,10.775993800000037],[106.75011260000008,10.776148600000056],[106.75068500000003,10.777128700000048],[106.75105990000009,10.777900700000032],[106.75135300000005,10.778484100000071],[106.75137410000008,10.778686700000037],[106.75154190000006,10.778924000000075],[106.75169930000004,10.779139500000042],[106.75196920000008,10.779486800000029],[106.75219430000004,10.779838700000028],[106.75243210000008,10.780111400000067],[106.75307710000004,10.780796000000066],[106.75337560000008,10.781088000000068],[106.75453580000004,10.782129800000064],[106.75474370000006,10.782454200000075],[106.75488390000004,10.782583300000056],[106.75510540000005,10.782729600000039],[106.75539310000005,10.782856000000038],[106.75568500000008,10.782933000000071],[106.75601340000009,10.782959300000073],[106.75631100000004,10.782997300000034],[106.75640710000005,10.78280170000005],[106.75675750000005,10.782931900000051],[106.75718530000006,10.783173200000022],[106.75729340000004,10.783210000000054],[106.75752630000005,10.783281200000033],[106.75776840000009,10.783340800000076],[106.75794070000006,10.783408000000065],[106.75804560000006,10.783316700000057],[106.75822950000008,10.783185100000026],[106.75840430000005,10.783075600000075],[106.75867110000007,10.782924800000046],[106.75895330000009,10.782796400000052],[106.76067200000006,10.782117700000072],[106.76072310000006,10.782226100000059],[106.76078750000005,10.782337400000074],[106.76088590000006,10.782388600000047],[106.76097000000004,10.782414700000061],[106.76161430000008,10.782450800000049],[106.76187370000008,10.782452900000067],[106.76214840000006,10.78241410000004],[106.76261200000005,10.782191500000067],[106.76293500000008,10.782109400000024],[106.76314680000007,10.782096800000033],[106.76326500000005,10.782014100000026],[106.76366370000005,10.781776600000057],[106.76400600000005,10.781552200000021],[106.76421840000006,10.781625200000065],[106.76471990000005,10.781623000000025],[106.76491340000007,10.78164090000007],[106.76497640000008,10.781665200000077],[106.76506830000005,10.781855800000073],[106.76525390000006,10.781822500000033],[106.76523350000008,10.781441100000052],[106.76545580000004,10.781478600000071],[106.76578960000006,10.781618700000024],[106.76599600000009,10.781654500000059],[106.76618570000005,10.781651500000066],[106.76654580000007,10.781596900000068],[106.76678580000004,10.781607300000076],[106.76768640000006,10.781693700000062],[106.76840840000006,10.781759000000022],[106.76943020000004,10.781876100000034],[106.76918800400006,10.783809696000048],[106.76887153300004,10.785266713000055],[106.76917388100009,10.787280958000053],[106.76910000000004,10.788500000000056],[106.76775719700004,10.790279905000034],[106.76736032300005,10.789697450000062],[106.76570034900004,10.789503831000047],[106.76447145300006,10.788845993000052],[106.76410000000004,10.788900000000069],[106.76341220000006,10.789935655000022],[106.76204935400006,10.789837438000063],[106.76094905800005,10.790483020000067]]]},"properties":{"OBJECTID":4702,"COUNTRY":"Việt Nam","ENGNAME":"Vietnam","NAME_1":"Hồ Chí Minh","ENGNAME_1":"Ho Chi Minh","NAME_2":"Quận 2","ENGNAME_2":"District 2","NAME_3":"Bình Trưng Tây","ENGNAME_3":"Binh Trung Tay","TYPE_3":"Phường","ENGTYPE_3":"Ward","Shape_Length":0.077097952557625693,"Shape_Area":0.0001704115604603138}},{"type":"Feature","id":4703,"geometry":{"type":"Polygon","coordinates":[[[106.76366370000005,10.781776600000057],[106.76326500000005,10.782014100000026],[106.76314680000007,10.782096800000033],[106.76293500000008,10.782109400000024],[106.76261200000005,10.782191500000067],[106.76214840000006,10.78241410000004],[106.76187370000008,10.782452900000067],[106.76161430000008,10.782450800000049],[106.76097000000004,10.782414700000061],[106.76088590000006,10.782388600000047],[106.76078750000005,10.782337400000074],[106.76072310000006,10.782226100000059],[106.76067200000006,10.782117700000072],[106.76118989900004,10.781774129000041],[106.76281640600007,10.779772801000036],[106.76462744000008,10.77751126000004],[106.76563657400004,10.776619258000039],[106.76985691500005,10.77391441900005],[106.77165013700005,10.772782763000066],[106.77509304300008,10.769855190000044],[106.77719764100004,10.768286337000063],[106.78882862800003,10.758175539000035],[106.79165200000006,10.755601100000035],[106.79286510000009,10.756109700000025],[106.79688810000005,10.757771600000069],[106.79914590000004,10.758908100000042],[106.79931770000007,10.758994600000051],[106.79978350000005,10.759297400000037],[106.80039740000007,10.759696500000075],[106.80137780000007,10.760408000000041],[106.80186910000003,10.760943000000054],[106.80270780000006,10.762139400000024],[106.80321830000008,10.762853500000062],[106.80340110000009,10.763193100000024],[106.80385090000004,10.764364800000067],[106.80466220000005,10.767031400000064],[106.80521420000008,10.768641900000034],[106.80567130000009,10.76957150000004],[106.80606490000008,10.770331100000021],[106.80668490000005,10.771223900000052],[106.80732200000006,10.771955300000059],[106.80960230000005,10.774172400000054],[106.81009330000006,10.774669300000028],[106.80737240000008,10.775822100000028],[106.80685940000006,10.77599280000004],[106.80554170000005,10.776002600000027],[106.80467560000005,10.776031300000056],[106.80435000000006,10.775988700000028],[106.80422240000007,10.776035100000058],[106.80385750000005,10.775872100000072],[106.80348220000008,10.775525600000037],[106.80319540000005,10.775202500000034],[106.80293370000004,10.775084400000026],[106.80253210000006,10.775013400000034],[106.80218170000006,10.775325500000065],[106.80151990000007,10.775672100000065],[106.80102110000007,10.775898700000027],[106.80069380000003,10.775925100000052],[106.79994820000007,10.775961900000027],[106.79922930000004,10.775967200000025],[106.79871440000005,10.776146400000073],[106.79857490000006,10.776299200000039],[106.79838180000007,10.776647000000025],[106.79814570000008,10.777811700000029],[106.79796330000005,10.778206900000043],[106.79749130000005,10.778617900000029],[106.79696560000008,10.778802400000075],[106.79641300000009,10.778844500000048],[106.79561910000007,10.778791800000022],[106.79405800000006,10.778512500000033],[106.79301730000009,10.77843880000006],[106.79066240000009,10.778407100000038],[106.78991140000005,10.778544200000056],[106.78973300000007,10.778043700000069],[106.78975440000005,10.777361800000051],[106.78971230000008,10.776618600000063],[106.78975440000005,10.776146100000062],[106.78987110000008,10.775765300000046],[106.78974500000004,10.775393700000052],[106.78954890000006,10.775233200000059],[106.78905390000006,10.775361600000053],[106.78832530000005,10.775930500000072],[106.78767150000004,10.776196600000048],[106.78735870000008,10.776614000000052],[106.78706910000005,10.776692000000025],[106.78688230000006,10.776618600000063],[106.78664880000008,10.776247000000069],[106.78598570000008,10.775710300000071],[106.78586890000008,10.77541210000004],[106.78584560000007,10.774902900000029],[106.78562610000006,10.774742300000071],[106.78543460000009,10.774714800000027],[106.78472940000006,10.775031300000023],[106.78407560000005,10.77521020000006],[106.78349710000003,10.775306200000045],[106.78284500000007,10.775457600000038],[106.78234190000006,10.775625500000046],[106.78200380000004,10.775695100000064],[106.78169180000003,10.775687800000071],[106.78135900000007,10.775638900000047],[106.78113540000004,10.775636700000064],[106.78090820000006,10.775655700000073],[106.78026700000004,10.775771600000041],[106.77981410000007,10.775896800000055],[106.77956110000008,10.775922200000025],[106.77937430000009,10.775889500000062],[106.77923690000006,10.775779000000057],[106.77904180000007,10.775694000000044],[106.77888040000005,10.775650300000052],[106.77868330000007,10.775644100000022],[106.77818730000007,10.775668500000052],[106.77797240000007,10.77569150000005],[106.77778000000006,10.775735800000064],[106.77760800000004,10.775812700000074],[106.77733040000004,10.775945600000057],[106.77712090000006,10.776008600000068],[106.77689870000006,10.776049700000044],[106.77640130000009,10.776117600000077],[106.77604980000007,10.776170300000047],[106.77556750000008,10.776243300000033],[106.77514140000005,10.776232900000025],[106.77463740000007,10.776122400000077],[106.77446520000007,10.77612270000003],[106.77383060000005,10.776090800000077],[106.77301220000004,10.776076200000034],[106.77305130000008,10.77670820000003],[106.77304920000006,10.776703500000053],[106.77307220000006,10.776926100000026],[106.77278420000005,10.777042900000026],[106.77257670000006,10.777028400000063],[106.77250500000008,10.777072700000076],[106.77247930000004,10.777139400000067],[106.77243070000009,10.777265100000022],[106.77231800000004,10.777792100000056],[106.77229690000007,10.778091000000074],[106.77234670000007,10.778362900000047],[106.77236840000006,10.77851000000004],[106.77237880000007,10.778669100000059],[106.77236810000005,10.778859200000056],[106.77265310000007,10.779097200000024],[106.77284460000004,10.779243800000074],[106.77289770000004,10.779321300000049],[106.77294480000006,10.77950160000006],[106.77292350000005,10.779607500000054],[106.77286590000006,10.779692400000044],[106.77277940000005,10.779758000000072],[106.77240110000008,10.779901800000061],[106.77234260000006,10.779931800000043],[106.77228040000006,10.77999090000003],[106.77206840000008,10.780234800000073],[106.77161180000007,10.780724100000043],[106.77124610000004,10.782090900000071],[106.77059920000005,10.782007400000055],[106.76943020000004,10.781876100000034],[106.76840840000006,10.781759000000022],[106.76768640000006,10.781693700000062],[106.76678580000004,10.781607300000076],[106.76654580000007,10.781596900000068],[106.76618570000005,10.781651500000066],[106.76599600000009,10.781654500000059],[106.76578960000006,10.781618700000024],[106.76545580000004,10.781478600000071],[106.76523350000008,10.781441100000052],[106.76525390000006,10.781822500000033],[106.76506830000005,10.781855800000073],[106.76497640000008,10.781665200000077],[106.76491340000007,10.78164090000007],[106.76471990000005,10.781623000000025],[106.76421840000006,10.781625200000065],[106.76400600000005,10.781552200000021],[106.76366370000005,10.781776600000057]]]},"properties":{"OBJECTID":4703,"COUNTRY":"Việt Nam","ENGNAME":"Vietnam","NAME_1":"Hồ Chí Minh","ENGNAME_1":"Ho Chi Minh","NAME_2":"Quận 2","ENGNAME_2":"District 2","NAME_3":"Cát Lái","ENGNAME_3":"Cat Lai","TYPE_3":"Phường","ENGTYPE_3":"Ward","Shape_Length":0.13266732001446885,"Shape_Area":0.00055081815669700499}},{"type":"Feature","id":4704,"geometry":{"type":"Polygon","coordinates":[[[106.75867110000007,10.782924800000046],[106.75840430000005,10.783075600000075],[106.75822950000008,10.783185100000026],[106.75804560000006,10.783316700000057],[106.75794070000006,10.783408000000065],[106.75776840000009,10.783340800000076],[106.75752630000005,10.783281200000033],[106.75729340000004,10.783210000000054],[106.75718530000006,10.783173200000022],[106.75675750000005,10.782931900000051],[106.75640710000005,10.78280170000005],[106.75631100000004,10.782997300000034],[106.75601340000009,10.782959300000073],[106.75568500000008,10.782933000000071],[106.75539310000005,10.782856000000038],[106.75510540000005,10.782729600000039],[106.75488390000004,10.782583300000056],[106.75474370000006,10.782454200000075],[106.75453580000004,10.782129800000064],[106.75337560000008,10.781088000000068],[106.75307710000004,10.780796000000066],[106.75243210000008,10.780111400000067],[106.75219430000004,10.779838700000028],[106.75196920000008,10.779486800000029],[106.75169930000004,10.779139500000042],[106.75154190000006,10.778924000000075],[106.75137410000008,10.778686700000037],[106.75135300000005,10.778484100000071],[106.75105990000009,10.777900700000032],[106.75068500000003,10.777128700000048],[106.75011260000008,10.776148600000056],[106.74998490000007,10.775993800000037],[106.74941200000006,10.775319700000068],[106.74768160000008,10.773510100000067],[106.74801190000005,10.773215900000025],[106.74833650000005,10.772915600000033],[106.74865540000008,10.772609400000022],[106.74896840000008,10.772297500000036],[106.74925950000005,10.771996400000035],[106.74954520000006,10.771690300000046],[106.74982530000005,10.771379300000035],[106.75009980000004,10.77106340000006],[106.75036850000004,10.77074280000005],[106.75054110000008,10.770535100000075],[106.75070770000008,10.770322800000031],[106.75086830000004,10.770106000000055],[106.75102280000004,10.769885000000045],[106.75117090000003,10.769659800000056],[106.75131260000006,10.769430600000021],[106.75145260000005,10.769189200000028],[106.75158540000007,10.768943900000068],[106.75171110000008,10.768694900000071],[106.75182940000008,10.768442500000049],[106.75194020000004,10.768186900000046],[106.75205090000009,10.767921300000069],[106.75215390000005,10.767652800000064],[106.75224910000009,10.767381500000056],[106.75233650000007,10.767107600000031],[106.75241590000007,10.766831500000023],[106.75248740000006,10.766553200000033],[106.75255210000006,10.766267400000061],[106.75260830000008,10.765979800000025],[106.75265610000008,10.765690800000073],[106.75269540000005,10.765400500000055],[106.75272610000007,10.76510920000004],[106.75273120000008,10.764812500000062],[106.75272640000009,10.764515700000061],[106.75271190000007,10.76421920000007],[106.75268770000008,10.763923300000044],[106.75265370000005,10.763628400000073],[106.75261780000005,10.763382400000069],[106.75257520000008,10.76313760000005],[106.75252580000006,10.762893900000051],[106.75246970000006,10.762651700000049],[106.75240690000004,10.762411000000043],[106.75234620000003,10.762202900000034],[106.75227880000006,10.761996800000077],[106.75220470000005,10.761792900000046],[106.75212400000004,10.761591500000065],[106.75203330000005,10.761385100000041],[106.75193570000005,10.761181800000031],[106.75183140000007,10.760981700000059],[106.75172030000004,10.760785200000043],[106.75149790000006,10.760423700000047],[106.75126900000004,10.76006620000004],[106.75103370000005,10.759712700000023],[106.75077040000008,10.759333100000049],[106.75049980000006,10.758958500000062],[106.75022170000005,10.75858930000004],[106.74993640000008,10.758225300000049],[106.74964400000005,10.757866900000067],[106.74934450000006,10.75751420000006],[106.74903810000006,10.757167200000026],[106.74871320000005,10.756787400000064],[106.74839480000009,10.756402300000047],[106.74808290000004,10.756012000000055],[106.74777760000006,10.755616700000076],[106.74747910000008,10.755216500000074],[106.74718740000009,10.754811500000073],[106.74692370000008,10.754432800000075],[106.74666610000008,10.754050100000029],[106.74641440000005,10.753663600000039],[106.74616880000008,10.753273400000069],[106.74592930000006,10.752879500000063],[106.74569610000009,10.752482000000043],[106.74551750000006,10.752146300000049],[106.74534600000004,10.751807000000042],[106.74518180000007,10.751464300000066],[106.74502490000003,10.75111830000003],[106.74487530000005,10.750769200000036],[106.74473070000005,10.750410800000054],[106.74459380000008,10.750049500000046],[106.74446470000004,10.749685400000033],[106.74434350000007,10.749318800000026],[106.74423020000006,10.74894960000006],[106.74418490000005,10.748730700000067],[106.74414780000006,10.748510300000021],[106.74411890000005,10.748288600000024],[106.74409840000004,10.748066100000074],[106.74408610000006,10.747843000000046],[106.74408230000006,10.747619600000064],[106.74408670000008,10.747396200000026],[106.74410030000007,10.747163300000068],[106.74412300000006,10.74693110000004],[106.74415470000008,10.746699900000067],[106.74419540000008,10.746470100000067],[106.74424500000003,10.746242000000052],[106.74432360000009,10.745999900000072],[106.74440910000004,10.745760100000041],[106.74450150000007,10.74552280000006],[106.74460060000007,10.745288100000039],[106.74470630000008,10.745056200000022],[106.74481850000006,10.744827600000065],[106.74493720000004,10.744602200000031],[106.74506230000009,10.744380100000058],[106.74519370000007,10.744161600000041],[106.74533130000003,10.74394680000006],[106.74545930000005,10.74377880000003],[106.74559490000007,10.743616700000075],[106.74573790000005,10.743460800000037],[106.74588790000007,10.743311500000061],[106.74604470000008,10.743169000000023],[106.74620800000008,10.743033700000069],[106.74637730000006,10.742905900000039],[106.74653490000009,10.742797300000063],[106.74669680000005,10.742695100000049],[106.74686290000005,10.74259950000004],[106.74703280000006,10.742510700000025],[106.74720630000007,10.742428800000027],[106.74738310000004,10.742354000000034],[106.74756290000005,10.742286300000046],[106.74774530000008,10.742226000000073],[106.74803320000007,10.742182200000059],[106.74832240000006,10.742147200000034],[106.74861260000006,10.742121200000042],[106.74890340000007,10.742104100000063],[106.74919470000003,10.74209600000006],[106.74948600000005,10.742096900000035],[106.74978220000008,10.742106900000067],[106.75007790000006,10.742126300000052],[106.75037280000004,10.74215490000006],[106.75066660000005,10.742192700000032],[106.75095910000005,10.742239700000027],[106.75124990000006,10.742295900000045],[106.75153870000008,10.742361100000039],[106.75182520000004,10.742435300000068],[106.75210920000006,10.742518500000074],[106.75248440000007,10.74267240000006],[106.75286260000007,10.742818800000066],[106.75324370000004,10.742957800000056],[106.75362760000007,10.743089300000065],[106.75401400000004,10.743213200000071],[106.75440290000006,10.743329500000073],[106.75479410000008,10.743438200000071],[106.75522000000007,10.743547100000058],[106.75564810000009,10.743647000000067],[106.75607840000004,10.743737700000054],[106.75651060000007,10.743819200000075],[106.75694440000007,10.74389160000004],[106.75737980000008,10.743954700000074],[106.75777860000005,10.743993600000067],[106.75817810000007,10.744025900000054],[106.75857800000006,10.744051500000069],[106.75897840000005,10.744070600000043],[106.75937520000008,10.744083000000046],[106.75977220000004,10.744088900000065],[106.76016920000006,10.744088300000044],[106.76056620000008,10.744081200000039],[106.76865610000004,10.743142700000021],[106.76970180000006,10.744203500000026],[106.77084690000004,10.745290700000055],[106.77266290000006,10.74669670000003],[106.77415100000007,10.747692200000074],[106.77731510000007,10.749368300000071],[106.78342930000008,10.752196900000058],[106.78347820000005,10.752219500000024],[106.78533590000006,10.753042500000049],[106.78868800000004,10.754385800000023],[106.79043200000007,10.755089500000054],[106.79165200000006,10.755601100000035],[106.78882862800003,10.758175539000035],[106.77719764100004,10.768286337000063],[106.77509304300008,10.769855190000044],[106.77165013700005,10.772782763000066],[106.76563657400004,10.776619258000039],[106.76462744000008,10.77751126000004],[106.76118989900004,10.781774129000041],[106.76067200000006,10.782117700000072],[106.75895330000009,10.782796400000052],[106.75867110000007,10.782924800000046]]]},"properties":{"OBJECTID":4704,"COUNTRY":"Việt Nam","ENGNAME":"Vietnam","NAME_1":"Hồ Chí Minh","ENGNAME_1":"Ho Chi Minh","NAME_2":"Quận 2","ENGNAME_2":"District 2","NAME_3":"Thạnh Mỹ Lợi","ENGNAME_3":"Thanh My Loi","TYPE_3":"Phường","ENGTYPE_3":"Ward","Shape_Length":0.14364831203587725,"Shape_Area":0.0010782729004142253}},{"type":"Feature","id":4705,"geometry":{"type":"Polygon","coordinates":[[[106.74347360000007,10.808311100000026],[106.74316600000009,10.80834260000006],[106.74285950000007,10.808382800000061],[106.74255420000009,10.808431600000063],[106.74225060000003,10.808489200000054],[106.74194880000005,10.808555300000023],[106.74164910000007,10.808630000000051],[106.74135160000009,10.808713200000057],[106.74105680000008,10.808804800000075],[106.74076550000007,10.80890450000004],[106.74047730000007,10.809012400000029],[106.74019230000005,10.809128500000043],[106.74008370000007,10.809176400000069],[106.73991090000004,10.809252600000036],[106.73963330000004,10.809384600000044],[106.73935960000006,10.809524400000043],[106.73909020000008,10.809671900000069],[106.73882520000006,10.809827000000041],[106.73860670000005,10.809992900000054],[106.73839420000007,10.810166200000026],[106.73818790000007,10.810346600000059],[106.73798820000007,10.810534000000075],[106.73779520000005,10.810728100000063],[106.73762930000004,10.810906300000056],[106.73746910000006,10.811089500000037],[106.73731470000007,10.811277500000074],[106.73716630000007,10.811470000000043],[106.73702410000004,10.811667000000057],[106.73690040000008,10.811852700000031],[106.73678300000006,10.812042200000064],[106.73667180000007,10.812235400000077],[106.73656720000008,10.812432100000024],[106.73646910000008,10.812632000000065],[106.73637360000004,10.812844200000029],[106.73628560000009,10.813059500000065],[106.73620510000006,10.813277500000027],[106.73613220000004,10.813498200000026],[106.73605620000006,10.81373700000006],[106.73595800000004,10.814085900000066],[106.73586740000007,10.814454100000034],[106.73576850000006,10.814820100000077],[106.73566120000004,10.815183900000022],[106.73554570000005,10.815545200000031],[106.73541920000008,10.815911300000039],[106.73528430000005,10.816274400000054],[106.73514090000003,10.816634500000021],[106.73498920000009,10.816991200000075],[106.73482920000004,10.817344400000025],[106.73475020000006,10.817511800000034],[106.73466400000007,10.81767590000004],[106.73457090000005,10.817836200000045],[106.73447110000006,10.817992600000025],[106.73436470000007,10.818144700000062],[106.73425190000006,10.818292300000053],[106.73413280000005,10.818435100000045],[106.73400780000009,10.818572900000049],[106.73387700000006,10.818705400000056],[106.73373400000008,10.818838500000027],[106.73358510000008,10.818965200000036],[106.73343060000008,10.819085400000063],[106.73327100000006,10.819198800000038],[106.73310640000005,10.819305200000031],[106.73293720000004,10.819404400000053],[106.73276370000008,10.819496300000026],[106.73258630000004,10.819580500000029],[106.73241480000007,10.819632900000045],[106.73224080000006,10.819676900000047],[106.73206480000005,10.819712300000049],[106.73188720000007,10.819739200000072],[106.73170850000008,10.819757300000049],[106.73152910000005,10.819766700000059],[106.73136170000004,10.819767600000034],[106.73119440000005,10.819760900000063],[106.73102750000004,10.819746500000065],[106.73086160000008,10.819724600000029],[106.73069680000003,10.819695200000069],[106.73053360000006,10.819658300000071],[106.73037240000008,10.819614100000024],[106.73004920000005,10.819511300000045],[106.72972120000009,10.819386400000042],[106.72940070000004,10.819259300000056],[106.72908390000003,10.819123600000069],[106.72881150000006,10.818998500000021],[106.72854220000005,10.818866900000046],[106.72827630000006,10.818729000000076],[106.72801380000004,10.818584900000076],[106.72775500000006,10.818434500000023],[106.72741290000005,10.818194700000049],[106.72707600000007,10.817948000000058],[106.72674440000009,10.817694500000073],[106.72641820000007,10.817434200000037],[106.72613630000006,10.817200200000059],[106.72585880000008,10.81696130000006],[106.72558580000003,10.81671730000005],[106.72534140000005,10.816481800000076],[106.72514310000008,10.816299700000059],[106.72497440000006,10.816125500000055],[106.72481150000004,10.815946000000054],[106.72465450000004,10.815761500000065],[106.72450360000005,10.815572200000076],[106.72435890000008,10.815378300000077],[106.72422500000005,10.815186400000073],[106.72409710000005,10.814990500000022],[106.72397550000005,10.814790800000026],[106.72381110000003,10.814482000000055],[106.72365130000009,10.814170900000022],[106.72347300000007,10.813809200000037],[106.72330100000005,10.81344450000006],[106.72313550000007,10.813077000000021],[106.72297650000007,10.812706700000035],[106.72287410000007,10.812425800000028],[106.72277950000006,10.812142300000062],[106.72269250000005,10.811856400000067],[106.72261340000006,10.811568300000033],[106.72254220000008,10.811278300000026],[106.72247890000006,10.81098650000007],[106.72242670000009,10.810711400000059],[106.72238160000006,10.810435100000063],[106.72234350000008,10.810157900000036],[106.72231250000004,10.809879700000067],[106.72229810000005,10.80973670000003],[106.72229100000004,10.809593100000029],[106.72229120000009,10.80944930000004],[106.72229860000004,10.809305800000061],[106.72231250000004,10.809169100000076],[106.72233300000005,10.809033300000067],[106.72236010000006,10.808898500000055],[106.72239360000003,10.808765200000039],[106.72246280000007,10.808488800000077],[106.72253830000005,10.80821080000004],[106.72261940000004,10.807934200000034],[106.72270600000007,10.807659300000068],[106.72281230000004,10.807351900000072],[106.72292660000005,10.807047400000044],[106.72304880000007,10.806745800000044],[106.72317890000005,10.806447400000025],[106.72331660000003,10.806152300000065],[106.72346200000004,10.805860800000062],[106.72361500000005,10.805573000000038],[106.72377540000008,10.805289200000061],[106.72394370000006,10.80500870000003],[106.72411930000004,10.804732400000034],[106.72430200000008,10.80446070000005],[106.72449180000007,10.804193700000042],[106.72468860000004,10.803931600000055],[106.72489210000003,10.803674500000056],[106.72510220000004,10.803422600000033],[106.72532840000008,10.803120400000068],[106.72542180000005,10.802990200000067],[106.72554830000007,10.802813800000024],[106.72576190000007,10.802502900000036],[106.72598770000008,10.802158900000052],[106.72620570000004,10.801810200000034],[106.72641590000006,10.801456800000039],[106.72651910000008,10.801264600000025],[106.72661570000008,10.801069000000041],[106.72670570000008,10.80087050000003],[106.72678900000005,10.80066910000005],[106.72686540000007,10.800465100000054],[106.72693480000004,10.800258800000051],[106.72699730000005,10.800050300000066],[106.72705550000006,10.799828200000036],[106.72710580000006,10.799604200000033],[106.72714800000006,10.799378600000068],[106.72718220000007,10.799151700000039],[106.72720220000008,10.798988200000053],[106.72722440000007,10.798786800000073],[106.73349100000007,10.800048200000049],[106.73400700000008,10.800165900000025],[106.73816100000005,10.800945100000035],[106.73826250000008,10.800964100000044],[106.73952280000009,10.80120050000005],[106.74370430000005,10.801977900000054],[106.74398680000007,10.802029700000048],[106.74433050000005,10.80209270000006],[106.74585240000005,10.802372400000024],[106.74595160000007,10.802390600000024],[106.74759380000006,10.802692400000069],[106.74790350000006,10.802749300000073],[106.74830780000008,10.802843900000028],[106.74846930000007,10.802877100000046],[106.74885800000004,10.802969100000041],[106.74926920000007,10.803085300000021],[106.74938720000006,10.803120200000023],[106.74994230000004,10.80330680000003],[106.75057890000005,10.80356050000006],[106.75093360000005,10.803724900000077],[106.75155220000005,10.80405520000005],[106.75166360000009,10.804121100000032],[106.75197700000007,10.804315100000053],[106.75239080000006,10.804600400000027],[106.75264640000006,10.804790100000048],[106.75298490000006,10.805063200000063],[106.75312280000009,10.805179700000053],[106.75347220000003,10.80549620000005],[106.75378640000008,10.805802000000028],[106.75395630000008,10.805978400000072],[106.75445240000005,10.806537100000071],[106.75460580000004,10.806727900000055],[106.75492010000005,10.807164400000033],[106.75508100000008,10.80740940000004],[106.75535320000006,10.807852800000035],[106.75558760000007,10.808274200000028],[106.75582510000004,10.808766100000071],[106.75595410000005,10.809063300000048],[106.75614630000007,10.809534400000075],[106.75629120000008,10.809939200000031],[106.75636820000005,10.810188000000039],[106.75647900000007,10.810612900000024],[106.75655790000008,10.810993900000028],[106.75684800000005,10.812618900000075],[106.75696890000006,10.813253900000063],[106.75618310000004,10.813260000000071],[106.75506940000008,10.813244100000077],[106.75306920000008,10.81317290000004],[106.75174010000006,10.813108900000032],[106.75107590000005,10.81306950000004],[106.75101080000007,10.812874900000054],[106.75093870000006,10.812682700000039],[106.75077390000007,10.812306500000034],[106.75058230000008,10.811942700000031],[106.75047670000004,10.811766100000057],[106.75024180000008,10.81141770000005],[106.75011480000006,10.81125000000003],[106.74984270000004,10.810928800000056],[106.74959610000008,10.810672500000067],[106.74937910000006,10.810462100000052],[106.74904230000004,10.810167300000046],[106.74868540000006,10.809890200000041],[106.74830950000006,10.809632300000033],[106.74811580000005,10.80951170000003],[106.74788820000003,10.809383000000025],[106.74765620000005,10.809262200000035],[106.74752350000006,10.809197700000027],[106.74738950000005,10.80913570000007],[106.74711890000003,10.809017700000027],[106.74684470000005,10.808908000000031],[106.74656710000005,10.808806900000036],[106.74628630000007,10.808714500000065],[106.74600280000004,10.808630900000026],[106.74573060000006,10.808559500000058],[106.74545640000008,10.808496200000036],[106.74518040000004,10.808441000000073],[106.74490280000003,10.808394000000021],[106.74462390000008,10.808355200000051],[106.74434400000007,10.808324700000071],[106.74406320000008,10.808302400000059],[106.74378060000004,10.808295000000044],[106.74347360000007,10.808311100000026]]]},"properties":{"OBJECTID":4705,"COUNTRY":"Việt Nam","ENGNAME":"Vietnam","NAME_1":"Hồ Chí Minh","ENGNAME_1":"Ho Chi Minh","NAME_2":"Quận 2","ENGNAME_2":"District 2","NAME_3":"Thảo Điền","ENGNAME_3":"Thao Dien","TYPE_3":"Phường","ENGTYPE_3":"Ward","Shape_Length":0.096401054140463779,"Shape_Area":0.00037729009696510794}},{"type":"Feature","id":4706,"geometry":{"type":"Polygon","coordinates":[[[106.72301545400006,10.775946022000028],[106.72307390100008,10.776085181000042],[106.72301221100008,10.776306066000075],[106.72307708300008,10.776432568000075],[106.72336252400004,10.776604481000049],[106.72350848800005,10.776747202000024],[106.72366418300004,10.777006693000033],[106.72372581200005,10.777399174000038],[106.72252890800007,10.777674884000021],[106.72228887800009,10.778547424000067],[106.72102689800005,10.778258537000056],[106.71977885500007,10.777996575000031],[106.71907405900004,10.777751084000045],[106.71828500500004,10.777265171000067],[106.71757545800006,10.776606306000076],[106.71699768400003,10.77580553100006],[106.71417216600008,10.777347213000041],[106.71369205500008,10.776242319000062],[106.71338026100005,10.77512987800003],[106.70829000000003,10.776197300000035],[106.70818970000005,10.775607500000035],[106.70813600000008,10.775180200000023],[106.70805690000009,10.774284100000045],[106.70800710000009,10.773371900000029],[106.70799560000006,10.772945600000071],[106.70800730000008,10.772241100000031],[106.70802040000007,10.771889000000044],[106.70806960000004,10.77106260000005],[106.70810410000007,10.770650100000069],[106.70812910000006,10.770485200000053],[106.70819340000008,10.770157900000072],[106.70829910000003,10.769760100000042],[106.70856870000006,10.769005200000038],[106.70882730000005,10.768394200000046],[106.70911950000004,10.767788800000062],[106.70927880000005,10.767487900000049],[106.70962000000009,10.766898200000071],[106.70994650000006,10.766384300000027],[106.71025240000006,10.76594410000007],[106.71041340000005,10.765729500000077],[106.71059610000003,10.765498200000025],[106.71097990000004,10.765050100000053],[106.71118060000003,10.764833700000054],[106.71167400000007,10.764368500000046],[106.71219030000009,10.763927900000056],[106.71245670000008,10.763717200000031],[106.71272190000008,10.763517600000057],[106.71326670000008,10.763137700000073],[106.71354600000006,10.76295760000005],[106.71423045000006,10.76412334500003],[106.71427798600007,10.764484152000023],[106.71443990900008,10.764872351000065],[106.71465658400007,10.765258215000074],[106.71486742100006,10.766104806000044],[106.71503933400004,10.767249813000035],[106.71510000000006,10.767700000000048],[106.71582429600005,10.768047749000061],[106.71748179800005,10.769140857000025],[106.71819215600004,10.769390618000045],[106.71874357500008,10.769938793000051],[106.71930148200005,10.770204772000056],[106.71951231900005,10.770480482000039],[106.71928170900009,10.770622700000047],[106.71907118300004,10.770908643000041],[106.71879547400005,10.771758478000038],[106.72150520900004,10.772762081000053],[106.72440000000006,10.774200000000064],[106.72446546300006,10.77439229600003],[106.72442605500004,10.774564380000072],[106.72438486900006,10.774986874000035],[106.72433571100004,10.775041346000023],[106.72425998100005,10.775038689000041],[106.72409922000008,10.77494568700007],[106.72373385600008,10.775170220000064],[106.72334723500006,10.775366852000047],[106.72334324900004,10.775490412000067],[106.72331062600006,10.775563272000056],[106.72324759000008,10.775612643000045],[106.72308151600004,10.775675087000025],[106.72299515700007,10.775788017000025],[106.72301545400006,10.775946022000028]]]},"properties":{"OBJECTID":4706,"COUNTRY":"Việt Nam","ENGNAME":"Vietnam","NAME_1":"Hồ Chí Minh","ENGNAME_1":"Ho Chi Minh","NAME_2":"Quận 2","ENGNAME_2":"District 2","NAME_3":"Thủ Thiêm","ENGNAME_3":"Thu Thiem","TYPE_3":"Phường","ENGTYPE_3":"Ward","Shape_Length":0.056880968712093784,"Shape_Area":0.00012871956204756372}},{"type":"Feature","id":4775,"geometry":{"type":"Polygon","coordinates":[[[106.69020520000004,10.752101300000049],[106.68847540000007,10.751915600000075],[106.68826490000004,10.751898500000038],[106.68784280000006,10.751887500000066],[106.68742110000005,10.751907600000038],[106.68940000000003,10.745700000000056],[106.68840068500003,10.742611830000044],[106.68829990800003,10.742120545000034],[106.68835449600004,10.741709041000036],[106.68886840000005,10.740611600000022],[106.68970760000008,10.740920200000062],[106.68983730000008,10.740960100000052],[106.69214780000004,10.741521300000045],[106.69201340000006,10.74172180000005],[106.69196400000004,10.741815600000052],[106.69188980000007,10.74201370000003],[106.69186550000006,10.742116600000031],[106.69183740000005,10.742382900000052],[106.69184710000007,10.742535200000077],[106.69188640000004,10.742682900000034],[106.69191580000006,10.742751300000066],[106.69199350000008,10.742878500000074],[106.69204120000006,10.742936200000031],[106.69238050000007,10.743290600000023],[106.69245980000005,10.743386600000065],[106.69259890000006,10.743592600000056],[106.69271100000009,10.743816500000037],[106.69279350000005,10.744055100000026],[106.69282270000008,10.744177800000045],[106.69285640000004,10.744427600000051],[106.69287570000006,10.744672700000024],[106.69289410000005,10.745335400000045],[106.69287530000008,10.745677200000046],[106.69285500000007,10.745847200000071],[106.69279310000007,10.74618410000005],[106.69274430000007,10.746376500000054],[106.69268620000008,10.746566400000063],[106.69265000000007,10.746666800000071],[106.69254240000004,10.746936900000037],[106.69245700000005,10.747116600000027],[106.69236300000006,10.747292100000038],[106.69230660000005,10.747389200000043],[106.69195850000006,10.747988200000066],[106.69186280000008,10.748134800000059],[106.69167730000004,10.748382400000025],[106.69101400000005,10.749114600000041],[106.69071270000006,10.74948930000005],[106.69051770000004,10.749760700000024],[106.69046930000007,10.749841100000026],[106.69038890000007,10.750010300000042],[106.69033140000005,10.750187900000071],[106.69029770000009,10.75037130000004],[106.69020520000004,10.752101300000049]]]},"properties":{"OBJECTID":4775,"COUNTRY":"Việt Nam","ENGNAME":"Vietnam","NAME_1":"Hồ Chí Minh","ENGNAME_1":"Ho Chi Minh","NAME_2":"Quận 8","ENGNAME_2":"District 8","NAME_3":"Phường 1","ENGNAME_3":"Ward 1","TYPE_3":"Phường","ENGTYPE_3":"Ward","Shape_Length":0.029810338485484911,"Shape_Area":3.5598161924659093e-05}},{"type":"Feature","id":4776,"geometry":{"type":"Polygon","coordinates":[[[106.66484581500004,10.743491534000043],[106.66471820600009,10.744270444000051],[106.66474340000008,10.745462966000048],[106.66900000000004,10.746300000000076],[106.66920830000004,10.748983700000053],[106.66771250000005,10.748486700000058],[106.66639160000005,10.748047900000074],[106.66335060000006,10.747037500000033],[106.66310610000005,10.746943000000044],[106.66298930000005,10.746883600000046],[106.66276960000005,10.74674200000004],[106.66257160000004,10.746572300000025],[106.66248190000005,10.746477900000059],[106.66233400000004,10.74628800000005],[106.66221170000006,10.746081200000049],[106.66211710000005,10.745860900000025],[106.66196290000005,10.745438000000036],[106.66163090000003,10.74443320000006],[106.66160870000004,10.744348500000058],[106.66158540000004,10.744182000000023],[106.66158740000009,10.744020600000056],[106.66166300000003,10.74297260000003],[106.66484581500004,10.743491534000043]]]},"properties":{"OBJECTID":4776,"COUNTRY":"Việt Nam","ENGNAME":"Vietnam","NAME_1":"Hồ Chí Minh","ENGNAME_1":"Ho Chi Minh","NAME_2":"Quận 8","ENGNAME_2":"District 8","NAME_3":"Phường 10","ENGNAME_3":"Ward 10","TYPE_3":"Phường","ENGTYPE_3":"Ward","Shape_Length":0.023151788295620482,"Shape_Area":2.0998518703156532e-05}},{"type":"Feature","id":4777,"geometry":{"type":"Polygon","coordinates":[[[106.66166300000003,10.74297260000003],[106.66158740000009,10.744020600000056],[106.66158540000004,10.744182000000023],[106.66160870000004,10.744348500000058],[106.66163090000003,10.74443320000006],[106.66196290000005,10.745438000000036],[106.66211710000005,10.745860900000025],[106.66221170000006,10.746081200000049],[106.66233400000004,10.74628800000005],[106.66248190000005,10.746477900000059],[106.66257160000004,10.746572300000025],[106.66276960000005,10.74674200000004],[106.66298930000005,10.746883600000046],[106.66310610000005,10.746943000000044],[106.66335060000006,10.747037500000033],[106.66639160000005,10.748047900000074],[106.66771250000005,10.748486700000058],[106.66920830000004,10.748983700000053],[106.66928930000006,10.749010600000076],[106.66966500000007,10.749196700000027],[106.67016370000005,10.749466600000062],[106.66976030000006,10.749523800000077],[106.66924750000004,10.749605900000063],[106.66895620000008,10.749656000000073],[106.66805010000007,10.749834400000054],[106.66754660000004,10.749947100000043],[106.66704530000004,10.750069300000064],[106.66690430000006,10.750103800000034],[106.66661920000007,10.750157900000033],[106.66625110000007,10.750198000000069],[106.66604360000008,10.750202200000047],[106.66583610000004,10.750196900000049],[106.66562900000008,10.750182100000075],[106.66542290000007,10.750157900000033],[106.66507070000006,10.750093900000024],[106.66487690000008,10.750045900000032],[106.66472480000004,10.750002400000028],[106.66377490000008,10.749678700000061],[106.66053490000007,10.748574700000063],[106.66049819000006,10.746617697000033],[106.66000000000008,10.746300000000076],[106.66013819200003,10.745908457000041],[106.66110738400005,10.744221399000025],[106.66111007100005,10.743361440000058],[106.66127550000004,10.742904400000043],[106.66166300000003,10.74297260000003]]]},"properties":{"OBJECTID":4777,"COUNTRY":"Việt Nam","ENGNAME":"Vietnam","NAME_1":"Hồ Chí Minh","ENGNAME_1":"Ho Chi Minh","NAME_2":"Quận 8","ENGNAME_2":"District 8","NAME_3":"Phường 11","ENGNAME_3":"Ward 11","TYPE_3":"Phường","ENGTYPE_3":"Ward","Shape_Length":0.028591125332493968,"Shape_Area":2.2559213811231461e-05}},{"type":"Feature","id":4778,"geometry":{"type":"Polygon","coordinates":[[[106.65343200000007,10.740470200000061],[106.65379590000003,10.74066810000005],[106.65416430000005,10.740857800000072],[106.65453690000004,10.741039400000034],[106.65491360000004,10.741212700000062],[106.65529410000005,10.741377600000021],[106.65567830000003,10.741534200000046],[106.65595400000007,10.741639400000054],[106.65645370000004,10.741820400000051],[106.65684450000003,10.741950200000076],[106.65763430000004,10.742183900000043],[106.65843390000003,10.74238280000003],[106.65883690000004,10.742469100000051],[106.65924180000007,10.74254650000006],[106.66127550000004,10.742904400000043],[106.66111007100005,10.743361440000058],[106.66110738400005,10.744221399000025],[106.66013819200003,10.745908457000041],[106.66000000000008,10.746300000000076],[106.65185313300009,10.742262953000022],[106.65307270000005,10.740264400000058],[106.65343200000007,10.740470200000061]]]},"properties":{"OBJECTID":4778,"COUNTRY":"Việt Nam","ENGNAME":"Vietnam","NAME_1":"Hồ Chí Minh","ENGNAME_1":"Ho Chi Minh","NAME_2":"Quận 8","ENGNAME_2":"District 8","NAME_3":"Phường 12","ENGNAME_3":"Ward 12","TYPE_3":"Phường","ENGTYPE_3":"Ward","Shape_Length":0.023817097373806464,"Shape_Area":2.4137616440755686e-05}},{"type":"Feature","id":4779,"geometry":{"type":"Polygon","coordinates":[[[106.66000000000008,10.746300000000076],[106.66049819000006,10.746617697000033],[106.66053490000007,10.748574700000063],[106.65872430000007,10.747958800000049],[106.65847690000004,10.747870700000021],[106.65803610000006,10.747707200000036],[106.65788570000007,10.747648200000071],[106.65748480000008,10.747482200000036],[106.65694710000008,10.747227600000031],[106.65614610000006,10.74679320000007],[106.65588030000004,10.746643500000062],[106.65533180000006,10.746317400000066],[106.65504980000009,10.746140500000024],[106.65093380000008,10.743769500000042],[106.65185313300009,10.742262953000022],[106.66000000000008,10.746300000000076]]]},"properties":{"OBJECTID":4779,"COUNTRY":"Việt Nam","ENGNAME":"Vietnam","NAME_1":"Hồ Chí Minh","ENGNAME_1":"Ho Chi Minh","NAME_2":"Quận 8","ENGNAME_2":"District 8","NAME_3":"Phường 13","ENGNAME_3":"Ward 13","TYPE_3":"Phường","ENGTYPE_3":"Ward","Shape_Length":0.024178359198381925,"Shape_Area":2.045841255777e-05}},{"type":"Feature","id":4780,"geometry":{"type":"Polygon","coordinates":[[[106.64948460000005,10.74293810000006],[106.64599570000007,10.740891300000044],[106.64185710000004,10.73830520000007],[106.64396450000004,10.734695900000077],[106.65307270000005,10.740264400000058],[106.65185313300009,10.742262953000022],[106.65093380000008,10.743769500000042],[106.64948460000005,10.74293810000006]]]},"properties":{"OBJECTID":4780,"COUNTRY":"Việt Nam","ENGNAME":"Vietnam","NAME_1":"Hồ Chí Minh","ENGNAME_1":"Ho Chi Minh","NAME_2":"Quận 8","ENGNAME_2":"District 8","NAME_3":"Phường 14","ENGNAME_3":"Ward 14","TYPE_3":"Phường","ENGTYPE_3":"Ward","Shape_Length":0.029557100158325779,"Shape_Area":4.4517934654862634e-05}},{"type":"Feature","id":4781,"geometry":{"type":"Polygon","coordinates":[[[106.62433550000009,10.711357300000032],[106.62562880000007,10.711913000000038],[106.62595310000006,10.712062100000026],[106.62627310000005,10.712219700000048],[106.62658870000007,10.712385700000027],[106.62689960000006,10.712560100000076],[106.62720560000008,10.712742700000035],[106.62750640000007,10.712933400000054],[106.62780180000004,10.71313200000003],[106.62809170000008,10.713338400000055],[106.62837580000007,10.713552500000048],[106.62865380000005,10.713774000000058],[106.62892180000006,10.713999400000034],[106.62918350000007,10.714231900000073],[106.62943890000008,10.71447100000006],[106.62968760000007,10.714716800000076],[106.62992960000008,10.714969100000076],[106.63016460000006,10.715227600000048],[106.63039250000008,10.715492100000063],[106.63061320000008,10.715762500000039],[106.63082640000005,10.71603870000007],[106.63103210000008,10.716320300000064],[106.63123000000007,10.716607200000055],[106.63142010000007,10.716899200000057],[106.63160220000009,10.717196100000024],[106.63177610000008,10.717497700000024],[106.63194180000005,10.717803700000047],[106.63209920000008,10.718113900000048],[106.63648530000006,10.727497200000073],[106.63664580000005,10.727822200000048],[106.63681480000008,10.728143000000046],[106.63699230000009,10.728459300000054],[106.63717820000005,10.728770900000029],[106.63737220000007,10.729077700000062],[106.63757430000004,10.729379400000028],[106.63778440000004,10.729675800000052],[106.63800230000004,10.729966700000034],[106.63822780000004,10.730251900000042],[106.63846080000008,10.730531300000052],[106.63869940000006,10.730802600000061],[106.63894510000006,10.731067800000062],[106.63919770000007,10.731326600000045],[106.63945700000005,10.731578900000045],[106.63972280000007,10.731824500000073],[106.63999510000008,10.73206330000005],[106.64027360000006,10.732295000000022],[106.64055800000006,10.732519600000046],[106.64084830000007,10.732736900000077],[106.64114430000006,10.73294670000007],[106.64144560000005,10.733149000000026],[106.64175220000004,10.733343400000024],[106.64396450000004,10.734695900000077],[106.64185710000004,10.73830520000007],[106.63606350000003,10.73481570000007],[106.63579850000008,10.734648900000025],[106.63528680000007,10.734300200000064],[106.63504020000005,10.734118700000067],[106.63440330000009,10.73361710000006],[106.62406560000005,10.711260300000049],[106.62433550000009,10.711357300000032]]]},"properties":{"OBJECTID":4781,"COUNTRY":"Việt Nam","ENGNAME":"Vietnam","NAME_1":"Hồ Chí Minh","ENGNAME_1":"Ho Chi Minh","NAME_2":"Quận 8","ENGNAME_2":"District 8","NAME_3":"Phường 15","ENGNAME_3":"Ward 15","TYPE_3":"Phường","ENGTYPE_3":"Ward","Shape_Length":0.069391689709571047,"Shape_Area":0.00012855621801515131}},{"type":"Feature","id":4782,"geometry":{"type":"Polygon","coordinates":[[[106.63440330000009,10.73361710000006],[106.63426680000003,10.733523000000048],[106.63412720000008,10.733433500000046],[106.63376160000007,10.733228300000064],[106.63182040000004,10.732258100000024],[106.62903190000009,10.730713900000069],[106.62875010000005,10.730561200000068],[106.62821700000006,10.73023180000007],[106.62787040000006,10.730039200000022],[106.62742990000004,10.729825900000037],[106.62720470000005,10.729729500000076],[106.62736690000008,10.73033300000003],[106.62185450000004,10.72730770000004],[106.62018500000005,10.726472800000067],[106.62012310000006,10.725934700000039],[106.61934530000008,10.718998400000032],[106.61933130000006,10.718904800000075],[106.61916830000007,10.717817700000069],[106.61903410000008,10.716204800000071],[106.61881910000005,10.716230000000053],[106.61819330000009,10.716087800000025],[106.61788050000007,10.715739100000064],[106.61743680000006,10.715257300000076],[106.61732010000009,10.715220500000044],[106.61702120000007,10.715248100000053],[106.61690910000004,10.715165500000069],[106.61664220000006,10.715144300000077],[106.61662420000005,10.71514250000007],[106.61615720000009,10.71502780000003],[106.61583500000006,10.715115000000026],[106.61552850000004,10.715011600000025],[106.61603880000007,10.714218600000038],[106.61065690000004,10.712887900000055],[106.61009830000006,10.712765000000047],[106.60688370000008,10.71200390000007],[106.60566310000007,10.711616500000048],[106.60472310000006,10.711285500000031],[106.60382090000007,10.710963200000037],[106.60428750000005,10.710683200000062],[106.60475730000007,10.710363700000073],[106.60499450000003,10.710186500000077],[106.60688840000006,10.708697700000073],[106.60702280000004,10.708583300000043],[106.60727820000005,10.708340000000021],[106.60752840000004,10.708061500000042],[106.60776790000006,10.707745900000077],[106.60797940000003,10.707411600000057],[106.60864730000009,10.706266500000027],[106.60890190000003,10.706379300000037],[106.60942030000007,10.706583600000044],[106.60968360000004,10.706675100000041],[106.61035060000006,10.706885400000033],[106.61114520000007,10.707160400000021],[106.61192830000005,10.707465400000046],[106.61231520000007,10.707629000000054],[106.61309320000004,10.70798510000003],[106.61347670000004,10.708174400000075],[106.61423200000007,10.708575100000076],[106.61497060000005,10.709004800000059],[106.61532960000005,10.709190400000068],[106.61570010000008,10.709352700000068],[106.61610690000003,10.709499300000061],[106.61652310000005,10.709617800000046],[106.61834790000006,10.710036400000035],[106.61893150000009,10.710177500000043],[106.61951290000007,10.710326800000075],[106.62051600000007,10.710611400000062],[106.62089150000008,10.710706300000027],[106.62125630000008,10.710774800000024],[106.62366780000008,10.711160800000073],[106.62392780000005,10.711220200000071],[106.62406560000005,10.711260300000049],[106.63440330000009,10.73361710000006]]]},"properties":{"OBJECTID":4782,"COUNTRY":"Việt Nam","ENGNAME":"Vietnam","NAME_1":"Hồ Chí Minh","ENGNAME_1":"Ho Chi Minh","NAME_2":"Quận 8","ENGNAME_2":"District 8","NAME_3":"Phường 16","ENGNAME_3":"Ward 16","TYPE_3":"Phường","ENGTYPE_3":"Ward","Shape_Length":0.092642740322567529,"Shape_Area":0.00023669973446999447}},{"type":"Feature","id":4783,"geometry":{"type":"Polygon","coordinates":[[[106.68742110000005,10.751907600000038],[106.68720850000005,10.751929600000039],[106.68678670000008,10.751997200000062],[106.68615720000008,10.751548100000036],[106.68598690000005,10.751450400000067],[106.68558250000007,10.751275500000077],[106.68531390000004,10.751180400000067],[106.68508140000006,10.751123600000028],[106.68484420000004,10.751097100000038],[106.68472520000006,10.751095300000031],[106.68448810000007,10.751114400000063],[106.68374780000005,10.751276500000074],[106.68365713500003,10.750915647000056],[106.68549798600009,10.747559117000037],[106.68478314400005,10.747193634000041],[106.68430479200003,10.746889961000022],[106.68287510900007,10.74622886700007],[106.68423416600007,10.743709046000049],[106.68630660000008,10.739965000000041],[106.68728230000005,10.740124800000046],[106.68764850000008,10.740235900000073],[106.68838810000005,10.740460300000052],[106.68886840000005,10.740611600000022],[106.68835449600004,10.741709041000036],[106.68829990800003,10.742120545000034],[106.68840068500003,10.742611830000044],[106.68940000000003,10.745700000000056],[106.68742110000005,10.751907600000038]]]},"properties":{"OBJECTID":4783,"COUNTRY":"Việt Nam","ENGNAME":"Vietnam","NAME_1":"Hồ Chí Minh","ENGNAME_1":"Ho Chi Minh","NAME_2":"Quận 8","ENGNAME_2":"District 8","NAME_3":"Phường 2","ENGNAME_3":"Ward 2","TYPE_3":"Phường","ENGTYPE_3":"Ward","Shape_Length":0.032753459995686282,"Shape_Area":4.6596749627756142e-05}},{"type":"Feature","id":4784,"geometry":{"type":"Polygon","coordinates":[[[106.68312700000007,10.739585200000022],[106.68498940000006,10.739917100000071],[106.68614070000007,10.739959000000056],[106.68630660000008,10.739965000000041],[106.68423416600007,10.743709046000049],[106.68287510900007,10.74622886700007],[106.68430479200003,10.746889961000022],[106.68478314400005,10.747193634000041],[106.68549798600009,10.747559117000037],[106.68386827400008,10.750530666000031],[106.67986703400004,10.748336618000053],[106.68029254300006,10.747524181000074],[106.68032479200008,10.747285005000037],[106.68014742500009,10.747032392000051],[106.67883531500007,10.746340561000068],[106.67835662600004,10.745971047000069],[106.67817079500009,10.745765792000043],[106.67812671800004,10.745617812000035],[106.67814107500004,10.745506015000046],[106.67838450800008,10.745226477000074],[106.67857627700005,10.745081764000076],[106.67923371800003,10.744922804000055],[106.68019042300006,10.744441764000044],[106.68066608800007,10.743810231000055],[106.68106650700008,10.743068516000051],[106.68163085500004,10.742614350000053],[106.68171953800004,10.742350987000066],[106.68170072700008,10.74198550400007],[106.68153059900004,10.741495869000062],[106.68137018000004,10.741034174000049],[106.68138092900006,10.740679441000054],[106.68146155100004,10.740389205000042],[106.68156635800005,10.740179589000036],[106.68181359700009,10.73989741500003],[106.68222476500006,10.739620616000025],[106.68265474400005,10.739513121000073],[106.68312700000007,10.739585200000022]]]},"properties":{"OBJECTID":4784,"COUNTRY":"Việt Nam","ENGNAME":"Vietnam","NAME_1":"Hồ Chí Minh","ENGNAME_1":"Ho Chi Minh","NAME_2":"Quận 8","ENGNAME_2":"District 8","NAME_3":"Phường 3","ENGNAME_3":"Ward 3","TYPE_3":"Phường","ENGTYPE_3":"Ward","Shape_Length":0.03439758497805448,"Shape_Area":4.192695384843921e-05}},{"type":"Feature","id":4785,"geometry":{"type":"Polygon","coordinates":[[[106.68277910000006,10.737911900000029],[106.68299150000007,10.738496000000055],[106.68305590000006,10.739157600000055],[106.68312700000007,10.739585200000022],[106.68265474400005,10.739513121000073],[106.68222476500006,10.739620616000025],[106.68181359700009,10.73989741500003],[106.68156635800005,10.740179589000036],[106.68146155100004,10.740389205000042],[106.68138092900006,10.740679441000054],[106.68137018000004,10.741034174000049],[106.68153059900004,10.741495869000062],[106.68170072700008,10.74198550400007],[106.68171953800004,10.742350987000066],[106.68163085500004,10.742614350000053],[106.68106650700008,10.743068516000051],[106.68066608800007,10.743810231000055],[106.68019042300006,10.744441764000044],[106.67923371800003,10.744922804000055],[106.67857627700005,10.745081764000076],[106.67838450800008,10.745226477000074],[106.67814107500004,10.745506015000046],[106.67812671800004,10.745617812000035],[106.67817079500009,10.745765792000043],[106.67835662600004,10.745971047000069],[106.67883531500007,10.746340561000068],[106.68014742500009,10.747032392000051],[106.68032479200008,10.747285005000037],[106.68029254300006,10.747524181000074],[106.67986703400004,10.748336618000053],[106.67670000000004,10.746600000000058],[106.67423502500009,10.745472151000058],[106.67323119600007,10.745078493000051],[106.66890000000006,10.744200000000035],[106.66888363500004,10.741028800000038],[106.66899659100005,10.74023978300005],[106.66955127900007,10.739223220000042],[106.67102146700006,10.737259810000069],[106.67172830000004,10.736266700000044],[106.67180260000003,10.736163500000032],[106.67364050000003,10.737383600000044],[106.67420260000006,10.73660620000004],[106.67448990000008,10.736216300000024],[106.67499680000009,10.735910700000034],[106.67592260000004,10.735440800000049],[106.67657790000004,10.735162100000025],[106.67672760000005,10.735130000000026],[106.67702060000005,10.735106300000041],[106.67810290000006,10.735404900000049],[106.67810800000007,10.73501820000007],[106.67809440000008,10.734810100000061],[106.67976430000004,10.734475700000075],[106.67993060000003,10.735281200000031],[106.68003870000007,10.735261800000046],[106.68026330000004,10.735121100000072],[106.68058180000008,10.735023900000044],[106.68090610000007,10.735008300000061],[106.68105440000005,10.734974900000054],[106.68122610000006,10.734879600000056],[106.68141640000005,10.734707400000048],[106.68160540000008,10.734578900000031],[106.68188960000003,10.734639700000059],[106.68219740000006,10.734717800000055],[106.68214210000008,10.735046600000032],[106.68208550000008,10.735922900000048],[106.68211380000008,10.736340100000064],[106.68226950000007,10.736840900000061],[106.68277910000006,10.737911900000029]]]},"properties":{"OBJECTID":4785,"COUNTRY":"Việt Nam","ENGNAME":"Vietnam","NAME_1":"Hồ Chí Minh","ENGNAME_1":"Ho Chi Minh","NAME_2":"Quận 8","ENGNAME_2":"District 8","NAME_3":"Phường 4","ENGNAME_3":"Ward 4","TYPE_3":"Phường","ENGTYPE_3":"Ward","Shape_Length":0.052110814864713424,"Shape_Area":0.00012111323776134577}},{"type":"Feature","id":4786,"geometry":{"type":"Polygon","coordinates":[[[106.66983570000008,10.734929200000067],[106.67011020000007,10.735270300000025],[106.67117610000008,10.735914100000059],[106.67172830000004,10.736266700000044],[106.67102146700006,10.737259810000069],[106.66955127900007,10.739223220000042],[106.66899659100005,10.74023978300005],[106.66888363500004,10.741028800000038],[106.66890000000006,10.744200000000035],[106.66484581500004,10.743491534000043],[106.66166300000003,10.74297260000003],[106.66127550000004,10.742904400000043],[106.65924180000007,10.74254650000006],[106.65883690000004,10.742469100000051],[106.65843390000003,10.74238280000003],[106.65763430000004,10.742183900000043],[106.65684450000003,10.741950200000076],[106.65645370000004,10.741820400000051],[106.65602218500004,10.741664098000058],[106.65633647600004,10.740814723000028],[106.65620977100008,10.739208106000035],[106.65622497500004,10.737500125000054],[106.65617226600006,10.73407925500004],[106.65611470000005,10.732314300000041],[106.65664210000006,10.732338900000059],[106.65669810000009,10.732299000000069],[106.65689700000007,10.732295500000021],[106.65694250000007,10.732274300000029],[106.65706500000005,10.732269000000031],[106.65720230000005,10.732310000000041],[106.65738150000004,10.73234780000007],[106.65754470000007,10.732355400000074],[106.65763150000004,10.732502600000032],[106.65767210000007,10.732520500000021],[106.65801280000005,10.732526000000064],[106.65836990000008,10.732561800000042],[106.65859730000005,10.732619300000067],[106.65878190000006,10.732647200000031],[106.65936250000004,10.73267670000007],[106.65947810000006,10.732751700000051],[106.65952150000004,10.732853500000033],[106.65958590000008,10.732935400000031],[106.65984780000008,10.733003500000052],[106.66000320000006,10.733019300000024],[106.66071670000008,10.733144100000061],[106.66091970000008,10.73314750000003],[106.66118390000008,10.73319280000004],[106.66202210000006,10.733452400000033],[106.66345110000009,10.733988200000056],[106.66391540000006,10.73403460000003],[106.66418990000005,10.733957300000043],[106.66464560000009,10.734063300000059],[106.66528810000005,10.734144800000024],[106.66573480000005,10.734222100000068],[106.66575080000007,10.734075500000074],[106.66576930000008,10.733747700000038],[106.66576690000005,10.732861100000036],[106.66582300000005,10.732617900000037],[106.66592980000007,10.732462600000076],[106.66632720000007,10.732644300000061],[106.66725770000005,10.733201300000076],[106.66765530000004,10.733491100000037],[106.66863830000005,10.734147700000051],[106.66983570000008,10.734929200000067]]]},"properties":{"OBJECTID":4786,"COUNTRY":"Việt Nam","ENGNAME":"Vietnam","NAME_1":"Hồ Chí Minh","ENGNAME_1":"Ho Chi Minh","NAME_2":"Quận 8","ENGNAME_2":"District 8","NAME_3":"Phường 5","ENGNAME_3":"Ward 5","TYPE_3":"Phường","ENGTYPE_3":"Ward","Shape_Length":0.050191309654402744,"Shape_Area":0.00013318352424120941}},{"type":"Feature","id":4787,"geometry":{"type":"Polygon","coordinates":[[[106.65487040000005,10.731896600000027],[106.65502550000008,10.731938200000059],[106.65534860000008,10.731991900000025],[106.65611270000005,10.732224600000052],[106.65611470000005,10.732314300000041],[106.65617226600006,10.73407925500004],[106.65622497500004,10.737500125000054],[106.65620977100008,10.739208106000035],[106.65633647600004,10.740814723000028],[106.65602218500004,10.741664098000058],[106.65595400000007,10.741639400000054],[106.65567830000003,10.741534200000046],[106.65529410000005,10.741377600000021],[106.65491360000004,10.741212700000062],[106.65453690000004,10.741039400000034],[106.65416430000005,10.740857800000072],[106.65379590000003,10.74066810000005],[106.65343200000007,10.740470200000061],[106.65307270000005,10.740264400000058],[106.64396450000004,10.734695900000077],[106.64175220000004,10.733343400000024],[106.64144560000005,10.733149000000026],[106.64114430000006,10.73294670000007],[106.64084830000007,10.732736900000077],[106.64055800000006,10.732519600000046],[106.64027360000006,10.732295000000022],[106.63999510000008,10.73206330000005],[106.64047120500004,10.731170762000033],[106.64015981600005,10.729600838000067],[106.64023766300005,10.728728298000021],[106.64042989100005,10.728585054000064],[106.64057439400005,10.728402717000051],[106.64090630200008,10.728346849000047],[106.64157789600006,10.728483809000068],[106.64195319000004,10.728152128000033],[106.64218750000003,10.727702500000021],[106.64228170000007,10.727540400000066],[106.64237500000007,10.727587200000073],[106.64272160000007,10.72759510000003],[106.64296110000004,10.727637600000037],[106.64319590000008,10.727666700000043],[106.64346350000005,10.727797000000066],[106.64355120000005,10.72784740000003],[106.64363010000005,10.727916600000071],[106.64363690000005,10.72796580000005],[106.64368190000005,10.728024700000049],[106.64370510000003,10.728041800000028],[106.64379640000004,10.728067000000067],[106.64386090000005,10.728074900000024],[106.64412210000006,10.728161500000056],[106.64422300000007,10.728238600000054],[106.64433920000005,10.728218500000025],[106.64445620000004,10.728265400000055],[106.64450830000004,10.728305900000066],[106.64471920000005,10.728400100000044],[106.64521670000005,10.728603100000043],[106.64537840000008,10.728648700000065],[106.64531110000007,10.729066700000033],[106.64541470000006,10.72911380000005],[106.64551750000004,10.729132700000036],[106.64560960000006,10.729135900000074],[106.64580710000007,10.729106400000035],[106.64660140000007,10.729040400000031],[106.64671280000005,10.72902270000003],[106.64688260000008,10.728969100000029],[106.64696160000005,10.728984100000048],[106.64717950000005,10.728977800000052],[106.64750880000008,10.728955000000042],[106.64796070000006,10.728908500000045],[106.64799670000008,10.728828200000066],[106.64894960000004,10.728741600000035],[106.64927350000005,10.72874390000004],[106.64952980000004,10.728710900000067],[106.64956030000008,10.728714700000069],[106.64977300000004,10.728661100000068],[106.64996420000006,10.728698100000031],[106.65008480000006,10.728739100000041],[106.64997080000006,10.729025700000022],[106.64983190000004,10.729423600000075],[106.64969530000008,10.729735700000049],[106.64955440000006,10.730093100000033],[106.64944240000005,10.730275500000062],[106.64945800000004,10.73035150000004],[106.64960480000008,10.730412800000067],[106.64973560000004,10.730489400000067],[106.65021330000008,10.730614200000048],[106.65107610000007,10.730893500000036],[106.65145210000009,10.73096780000003],[106.65193880000004,10.731088200000045],[106.65211800000009,10.731142200000022],[106.65295830000008,10.73133450000006],[106.65304020000008,10.731343500000037],[106.65374190000006,10.731497600000068],[106.65404450000005,10.731586700000037],[106.65421950000007,10.731623100000036],[106.65451630000007,10.731761400000039],[106.65472390000008,10.731812900000023],[106.65478020000006,10.731792400000074],[106.65486870000007,10.731806600000027],[106.65487040000005,10.731896600000027]]]},"properties":{"OBJECTID":4787,"COUNTRY":"Việt Nam","ENGNAME":"Vietnam","NAME_1":"Hồ Chí Minh","ENGNAME_1":"Ho Chi Minh","NAME_2":"Quận 8","ENGNAME_2":"District 8","NAME_3":"Phường 6","ENGNAME_3":"Ward 6","TYPE_3":"Phường","ENGTYPE_3":"Ward","Shape_Length":0.051846856038169166,"Shape_Area":0.00012136645771277366}},{"type":"Feature","id":4788,"geometry":{"type":"Polygon","coordinates":[[[106.64057439400005,10.728402717000051],[106.64042989100005,10.728585054000064],[106.64023766300005,10.728728298000021],[106.64015981600005,10.729600838000067],[106.64047120500004,10.731170762000033],[106.63999510000008,10.73206330000005],[106.63972280000007,10.731824500000073],[106.63945700000005,10.731578900000045],[106.63919770000007,10.731326600000045],[106.63894510000006,10.731067800000062],[106.63869940000006,10.730802600000061],[106.63846080000008,10.730531300000052],[106.63822780000004,10.730251900000042],[106.63800230000004,10.729966700000034],[106.63778440000004,10.729675800000052],[106.63757430000004,10.729379400000028],[106.63737220000007,10.729077700000062],[106.63717820000005,10.728770900000029],[106.63699230000009,10.728459300000054],[106.63681480000008,10.728143000000046],[106.63664580000005,10.727822200000048],[106.63648530000006,10.727497200000073],[106.63209920000008,10.718113900000048],[106.63194180000005,10.717803700000047],[106.63177610000008,10.717497700000024],[106.63160220000009,10.717196100000024],[106.63142010000007,10.716899200000057],[106.63123000000007,10.716607200000055],[106.63103210000008,10.716320300000064],[106.63082640000005,10.71603870000007],[106.63061320000008,10.715762500000039],[106.63039250000008,10.715492100000063],[106.63016460000006,10.715227600000048],[106.62992960000008,10.714969100000076],[106.62968760000007,10.714716800000076],[106.62943890000008,10.71447100000006],[106.62918350000007,10.714231900000073],[106.62892180000006,10.713999400000034],[106.62865380000005,10.713774000000058],[106.62837580000007,10.713552500000048],[106.62809170000008,10.713338400000055],[106.62780180000004,10.71313200000003],[106.62750640000007,10.712933400000054],[106.62720560000008,10.712742700000035],[106.62689960000006,10.712560100000076],[106.62658870000007,10.712385700000027],[106.62627310000005,10.712219700000048],[106.62595310000006,10.712062100000026],[106.62562880000007,10.711913000000038],[106.62433550000009,10.711357300000032],[106.62406560000005,10.711260300000049],[106.62392780000005,10.711220200000071],[106.62366780000008,10.711160800000073],[106.62125630000008,10.710774800000024],[106.62089150000008,10.710706300000027],[106.62051600000007,10.710611400000062],[106.61951290000007,10.710326800000075],[106.61893150000009,10.710177500000043],[106.61834790000006,10.710036400000035],[106.61652310000005,10.709617800000046],[106.61610690000003,10.709499300000061],[106.61570010000008,10.709352700000068],[106.61532960000005,10.709190400000068],[106.61497060000005,10.709004800000059],[106.61423200000007,10.708575100000076],[106.61347670000004,10.708174400000075],[106.61309320000004,10.70798510000003],[106.61231520000007,10.707629000000054],[106.61192830000005,10.707465400000046],[106.61114520000007,10.707160400000021],[106.61035060000006,10.706885400000033],[106.60968360000004,10.706675100000041],[106.60942030000007,10.706583600000044],[106.60890190000003,10.706379300000037],[106.60864730000009,10.706266500000027],[106.60840260000003,10.706150000000036],[106.60792330000004,10.705897800000059],[106.60768910000007,10.705762200000038],[106.60745870000005,10.705620400000043],[106.60705520000005,10.705357200000037],[106.60668990000005,10.705144300000029],[106.60631100000006,10.704955600000062],[106.60588780000006,10.704779700000074],[106.60545270000006,10.704634100000021],[106.60159570000008,10.703590400000053],[106.60126670000005,10.703480600000034],[106.60094660000004,10.703348000000062],[106.60062350000004,10.703185700000063],[106.60046680000005,10.703095700000063],[106.59965920000008,10.702594200000021],[106.59941580000009,10.702456400000074],[106.59891670000007,10.702203300000065],[106.59831560000003,10.701969800000029],[106.59798100000006,10.701847300000054],[106.59730690000004,10.701616400000034],[106.59738480000004,10.70027790000006],[106.59739430000008,10.699945100000036],[106.59738050000004,10.699706200000037],[106.59712850000005,10.698038300000064],[106.59703970000004,10.697591400000022],[106.59699320000004,10.697412100000065],[106.59677710000005,10.696699400000057],[106.59654110000008,10.695948800000053],[106.59607990000006,10.694527400000027],[106.59593640000008,10.694055400000025],[106.59548010000009,10.692637400000024],[106.59455590000005,10.68985390000006],[106.62187960000006,10.697382900000036],[106.62775800000009,10.699001300000077],[106.62931920000005,10.702142500000036],[106.63034520000008,10.704240300000038],[106.63213230000008,10.707836100000065],[106.63344700000005,10.710416500000065],[106.63500840000006,10.713540900000055],[106.63703450000008,10.717568000000028],[106.63985060000005,10.723123200000032],[106.64218750000003,10.727702500000021],[106.64195319000004,10.728152128000033],[106.64157789600006,10.728483809000068],[106.64090630200008,10.728346849000047],[106.64057439400005,10.728402717000051]]]},"properties":{"OBJECTID":4788,"COUNTRY":"Việt Nam","ENGNAME":"Vietnam","NAME_1":"Hồ Chí Minh","ENGNAME_1":"Ho Chi Minh","NAME_2":"Quận 8","ENGNAME_2":"District 8","NAME_3":"Phường 7","ENGNAME_3":"Ward 7","TYPE_3":"Phường","ENGTYPE_3":"Ward","Shape_Length":0.14037797021484294,"Shape_Area":0.00053932241208245915}},{"type":"Feature","id":4789,"geometry":{"type":"Polygon","coordinates":[[[106.68199990000005,10.751764700000024],[106.68155390000004,10.751911000000064],[106.68144600000005,10.751940800000057],[106.68122550000004,10.75198000000006],[106.68100060000006,10.751991600000053],[106.68077480000005,10.751975100000038],[106.67981200000008,10.751810700000021],[106.67946300000006,10.751751100000035],[106.67913300000004,10.751713900000027],[106.67880940000003,10.751703900000052],[106.67788710000008,10.751746700000069],[106.67758680000009,10.751761700000031],[106.67746900000009,10.751762900000074],[106.67726690000006,10.751741700000025],[106.67718080000009,10.751722800000039],[106.67709630000007,10.751698100000056],[106.67698410000008,10.751652000000036],[106.67690230000005,10.751607500000034],[106.67681160000006,10.751520200000073],[106.67677460000004,10.751465900000028],[106.67674590000007,10.751407100000051],[106.67672590000006,10.751344800000027],[106.67671500000006,10.751280400000041],[106.67666410000004,10.750816600000064],[106.67664070000006,10.750207900000021],[106.67662460000008,10.750071600000069],[106.67656640000007,10.749804500000039],[106.67647500000004,10.749547800000073],[106.67640330000006,10.749406400000055],[106.67631000000006,10.74927770000005],[106.67624950000004,10.749212800000066],[106.67611220000003,10.749099800000067],[106.67595700000004,10.749012100000073],[106.67581550000006,10.748949800000048],[106.67572120000005,10.748906500000032],[106.67561427800007,10.748870146000058],[106.67670000000004,10.746600000000058],[106.68386827400008,10.750530666000031],[106.68365713500003,10.750915647000056],[106.68374780000005,10.751276500000074],[106.68339210000005,10.751365700000065],[106.68268460000007,10.751558400000022],[106.68199990000005,10.751764700000024]]]},"properties":{"OBJECTID":4789,"COUNTRY":"Việt Nam","ENGNAME":"Vietnam","NAME_1":"Hồ Chí Minh","ENGNAME_1":"Ho Chi Minh","NAME_2":"Quận 8","ENGNAME_2":"District 8","NAME_3":"Phường 8","ENGNAME_3":"Ward 8","TYPE_3":"Phường","ENGTYPE_3":"Ward","Shape_Length":0.02177720994743243,"Shape_Area":2.4199610805226201e-05}},{"type":"Feature","id":4790,"geometry":{"type":"Polygon","coordinates":[[[106.67380330000009,10.748705000000029],[106.67342600000006,10.748746200000028],[106.67323890000006,10.748777000000075],[106.67302350000006,10.748821300000031],[106.67271920000007,10.748903100000064],[106.67185890000007,10.749171300000057],[106.67119600000007,10.749313200000074],[106.67085330000003,10.749373100000071],[106.67076180000004,10.749385500000074],[106.67016370000005,10.749466600000062],[106.66966500000007,10.749196700000027],[106.66928930000006,10.749010600000076],[106.66920830000004,10.748983700000053],[106.66900000000004,10.746300000000076],[106.66474340000008,10.745462966000048],[106.66471820600009,10.744270444000051],[106.66484581500004,10.743491534000043],[106.66890000000006,10.744200000000035],[106.67323119600007,10.745078493000051],[106.67423502500009,10.745472151000058],[106.67670000000004,10.746600000000058],[106.67561427800007,10.748870146000058],[106.67550650000004,10.748833500000046],[106.67529720000005,10.748782800000072],[106.67499640000005,10.748735700000054],[106.67479460000004,10.748713800000075],[106.67439380000008,10.748684600000047],[106.67380330000009,10.748705000000029]]]},"properties":{"OBJECTID":4790,"COUNTRY":"Việt Nam","ENGNAME":"Vietnam","NAME_1":"Hồ Chí Minh","ENGNAME_1":"Ho Chi Minh","NAME_2":"Quận 8","ENGNAME_2":"District 8","NAME_3":"Phường 9","ENGNAME_3":"Ward 9","TYPE_3":"Phường","ENGTYPE_3":"Ward","Shape_Length":0.030480458433891522,"Shape_Area":3.6532607128199781e-05}}]}